,,,,,,,,,,,,,,,,,,,,,,,,,
,NGÂN SÁCH: THEO DÕI CAPEX,,,,,,,,,,,,,,,,,,,,,,,,
,,,,,,,,,,,,,,,,,,,,,,,,,
,,,,,,,,,,,,,,,,,,,,,,,,,
,1. YÊU CẦU VỐN BAN ĐẦU,,,,,,,,,,,,,,,,,,,,,,,,
,Hạng mục,Thấp (Tr VNĐ),Cao (Tr VNĐ),Trung bình (Tr VNĐ),Thực tế (Tr VNĐ),,,,,,,,,,,,,,,,,,,,
,"CAPEX ban đầu (thi công, thiết bị)",514,514,514,210,,,,,,,,,,,,,,,,,,,,
,Vốn lưu động (dự phòng riêng),150,180,165,,,,,,,,,,,,,,,,,,,,,
,TỔNG VỐN YÊU CẦU,664,694,679,210,,,,,,,,,,,,,,,,,,,,
,,,,,,,,,,,,,,,,,,,,,,,,,
,1.1 THI CÔNG THÔ,"110,000,000",,,,,,,,,,,,,,,,,,,,,,,
,1.2 ĐẶT CỌC THUÊ NHÀ,"100,000,000",,,,,,,,,,,,,,,,,,,,,,,
,1.3. DANH SÁCH CHI TIẾT MUA SẮM & THIẾT BỊ,,,,,,,,,,,,,,,,,,,,,,,,
,,,,,,,,,,,,,,,,,,,,,,,,,
STT,Nhóm,Tên vật dụng,Số lượng,Đơn giá dự kiến,Thành tiền,Thành tiền thực tế,Trạng thái,Ghi chú,,,,,,,,,,,,,,,,,
12,Nội thất & Vật tư cơ bản,Giường spa,5,"6,000,000","30,000,000",,Cần mua,,,,,,,,,,,,,,,,,,
13,Nội thất & Vật tư cơ bản,Xe đẩy dụng cụ (3 tầng),5,"500,000","2,500,000",,Cần mua,,,,,,,,,,,,,,,,,,
14,Nội thất & Vật tư cơ bản,Ghế spa cho kỹ thuật viên,5,"300,000","1,500,000",,Cần mua,,,,,,,,,,,,,,,,,,
15,Nội thất & Vật tư cơ bản,Quầy tiếp tân,1,"5,000,000","5,000,000",,Cần mua,,,,,,,,,,,,,,,,,,
16,Nội thất & Vật tư cơ bản,Bộ sofa tiếp khách,1,"8,000,000","8,000,000",,Cần mua,,,,,,,,,,,,,,,,,,
17,Thiết bị chuyên môn,Máy DDS,3,"20,000,000","60,000,000",,Cần mua,,,,,,,,,,,,,,,,,,
18,Thiết bị chuyên môn,Máy Bio Max,3,"40,000,000","120,000,000",,Cần mua,,,,,,,,,,,,,,,,,,
19,Đồ tiêu hao & Phụ kiện,"Khăn spa các loại (trải giường, quấn đầu)",50,"50,000","2,500,000",,Cần mua,,,,,,,,,,,,,,,,,,
20,Đồ tiêu hao & Phụ kiện,Dép đi trong spa,20,"30,000","600,000",,Cần mua,,,,,,,,,,,,,,,,,,
13,Thiết bị điện máy & Văn phòng,Laptop,1,"11,000,000","11,000,000",,Cần mua,,,,,,,,,,,,,,,,,,
14,Thiết bị điện máy & Văn phòng,Tablet,3,"3,000,000","9,000,000",,Cần mua,,,,,,,,,,,,,,,,,,
15,Thiết bị điện máy & Văn phòng,Máy lạnh 2.5HP Pana,1,"11,000,000","11,000,000",,Cần mua,,,,,,,,,,,,,,,,,,
16,Thiết bị điện máy & Văn phòng,Máy lạnh 2.5HP Daikin,1,"7,000,000","7,000,000",,Cần mua,,,,,,,,,,,,,,,,,,
17,Nội thất & Vật tư cơ bản,"Rèm che giường (1 rèm 2.5x2.8m, 1 rèm 1x2.5m)",4,"3,610,000","14,440,000",,Cần mua,380k/m2,,,,,,,,,,,,,,,,,
18,Đồ tiêu hao & Phụ kiện,Đồng phục cho khách,50,"250,000","12,500,000",,Cần mua,,,,,,,,,,,,,,,,,,
19,Đồ tiêu hao & Phụ kiện,Đồng phục nhân viên,10,"600,000","6,000,000",,Cần mua,,,,,,,,,,,,,,,,,,
20,Thiết bị điện máy & Văn phòng,Camera wifi,3,"500,000","1,500,000",,Cần mua,,,,,,,,,,,,,,,,,,
21,Thiết bị điện máy & Văn phòng,Loa âm trần giá rẻ,3,"400,000","1,200,000",,Cần mua,,,,,,,,,,,,,,,,,,
22,Đồ tiêu hao & Phụ kiện,Ly,20,0,0,,Cần mua,,,,,,,,,,,,,,,,,,
23,Đồ tiêu hao & Phụ kiện,Khay dĩa,10,0,0,,Cần mua,,,,,,,,,,,,,,,,,,
24,Đồ tiêu hao & Phụ kiện,Máy hấp,1,0,0,,Cần mua,,,,,,,,,,,,,,,,,,
25,Thiết bị PCCC,Bình chữa cháy bột,,,0,,Cần mua,,,,,,,,,,,,,,,,,,
26,Thiết bị PCCC,Bình chữa cháy CO2,,,0,,Cần mua,,,,,,,,,,,,,,,,,,
27,Thiết bị PCCC,Đầu báo khói,,,0,,Cần mua,,,,,,,,,,,,,,,,,,
28,Thiết bị PCCC,Đèn Exit,,,0,,Cần mua,,,,,,,,,,,,,,,,,,
29,Thiết bị PCCC,Tiêu lệnh,,,0,,Cần mua,,,,,,,,,,,,,,,,,,
30,Thiết bị PCCC,Mặt nạ phòng độc,,,0,,Cần mua,,,,,,,,,,,,,,,,,,
,,Tổng cộng,,,"303,740,000",0,,,,,,,,,,,,,,,,,,,
,,,,,,,,,,,,,,,,,,,,,,,,,
,,,,,,,,,,,,,,,,,,,,,,,,,
,,,,,,,,,,,,,,,,,,,,,,,,,
,,,,,,,,,,,,,,,,,,,,,,,,,
,,,,,,,,,,,,,,,,,,,,,,,,,
,,,,,,,,,,,,,,,,,,,,,,,,,
,,,,,,,,,,,,,,,,,,,,,,,,,
,,,,,,,,,,,,,,,,,,,,,,,,,
,,,,,,,,,,,,,,,,,,,,,,,,,
,,,,,,,,,,,,,,,,,,,,,,,,,
,,,,,,,,,,,,,,,,,,,,,,,,,
,,,,,,,,,,,,,,,,,,,,,,,,,
,,,,,,,,,,,,,,,,,,,,,,,,,
,,,,,,,,,,,,,,,,,,,,,,,,,
,,,,,,,,,,,,,,,,,,,,,,,,,
,,,,,,,,,,,,,,,,,,,,,,,,,
,,,,,,,,,,,,,,,,,,,,,,,,,
,,,,,,,,,,,,,,,,,,,,,,,,,
,,,,,,,,,,,,,,,,,,,,,,,,,
,,,,,,,,,,,,,,,,,,,,,,,,,
,,,,,,,,,,,,,,,,,,,,,,,,,
,,,,,,,,,,,,,,,,,,,,,,,,,
,,,,,,,,,,,,,,,,,,,,,,,,,
,,,,,,,,,,,,,,,,,,,,,,,,,
,,,,,,,,,,,,,,,,,,,,,,,,,
,,,,,,,,,,,,,,,,,,,,,,,,,
,,,,,,,,,,,,,,,,,,,,,,,,,
,,,,,,,,,,,,,,,,,,,,,,,,,
,,,,,,,,,,,,,,,,,,,,,,,,,
,,,,,,,,,,,,,,,,,,,,,,,,,
,,,,,,,,,,,,,,,,,,,,,,,,,
,,,,,,,,,,,,,,,,,,,,,,,,,
,,,,,,,,,,,,,,,,,,,,,,,,,
,,,,,,,,,,,,,,,,,,,,,,,,,
,,,,,,,,,,,,,,,,,,,,,,,,,
,,,,,,,,,,,,,,,,,,,,,,,,,
,,,,,,,,,,,,,,,,,,,,,,,,,
,,,,,,,,,,,,,,,,,,,,,,,,,
,,,,,,,,,,,,,,,,,,,,,,,,,
,,,,,,,,,,,,,,,,,,,,,,,,,
,,,,,,,,,,,,,,,,,,,,,,,,,
,,,,,,,,,,,,,,,,,,,,,,,,,
,,,,,,,,,,,,,,,,,,,,,,,,,
,,,,,,,,,,,,,,,,,,,,,,,,,
,,,,,,,,,,,,,,,,,,,,,,,,,
,,,,,,,,,,,,,,,,,,,,,,,,,
,,,,,,,,,,,,,,,,,,,,,,,,,
,,,,,,,,,,,,,,,,,,,,,,,,,
,,,,,,,,,,,,,,,,,,,,,,,,,
,,,,,,,,,,,,,,,,,,,,,,,,,
,,,,,,,,,,,,,,,,,,,,,,,,,
,,,,,,,,,,,,,,,,,,,,,,,,,
,,,,,,,,,,,,,,,,,,,,,,,,,
,,,,,,,,,,,,,,,,,,,,,,,,,
,,,,,,,,,,,,,,,,,,,,,,,,,
,,,,,,,,,,,,,,,,,,,,,,,,,
,,,,,,,,,,,,,,,,,,,,,,,,,
,,,,,,,,,,,,,,,,,,,,,,,,,
,,,,,,,,,,,,,,,,,,,,,,,,,
,,,,,,,,,,,,,,,,,,,,,,,,,
,,,,,,,,,,,,,,,,,,,,,,,,,
,,,,,,,,,,,,,,,,,,,,,,,,,
,,,,,,,,,,,,,,,,,,,,,,,,,
,,,,,,,,,,,,,,,,,,,,,,,,,
,,,,,,,,,,,,,,,,,,,,,,,,,
,,,,,,,,,,,,,,,,,,,,,,,,,
,,,,,,,,,,,,,,,,,,,,,,,,,
,,,,,,,,,,,,,,,,,,,,,,,,,
,,,,,,,,,,,,,,,,,,,,,,,,,
,,,,,,,,,,,,,,,,,,,,,,,,,
,,,,,,,,,,,,,,,,,,,,,,,,,
,STT,Nhóm,Tên vật dụng,Số lượng,Đơn giá dự kiến,,Thành tiền,Trạng thái,Ghi chú,STT,Nhóm,Tên vật dụng,Số lượng,Đơn giá dự kiến,Thành tiền,Trạng thái,Ghi chú,STT,Nhóm,Tên vật dụng,Số lượng,Đơn giá dự kiến,Thành tiền,Trạng thái,Ghi chú
,112,Nội thất & Vật tư cơ bản,Giường spa,5,"6,000,000",,"30,000,000",Cần mua,,112,Nội thất & Vật tư cơ bản,Giường spa,5,"6,000,000","30,000,000",Cần mua,,112,Nội thất & Vật tư cơ bản,Giường spa,5,"6,000,000","30,000,000",Cần mua,
,113,Nội thất & Vật tư cơ bản,Xe đẩy dụng cụ (3 tầng),5,"500,000",,"2,500,000",Cần mua,,113,Nội thất & Vật tư cơ bản,Xe đẩy dụng cụ (3 tầng),5,"500,000","2,500,000",Cần mua,,113,Nội thất & Vật tư cơ bản,Xe đẩy dụng cụ (3 tầng),5,"500,000","2,500,000",Cần mua,
,114,Nội thất & Vật tư cơ bản,Ghế spa cho kỹ thuật viên,5,"300,000",,"1,500,000",Cần mua,,114,Nội thất & Vật tư cơ bản,Ghế spa cho kỹ thuật viên,5,"300,000","1,500,000",Cần mua,,114,Nội thất & Vật tư cơ bản,Ghế spa cho kỹ thuật viên,5,"300,000","1,500,000",Cần mua,
,115,Nội thất & Vật tư cơ bản,Quầy tiếp tân,1,"5,000,000",,"5,000,000",Cần mua,,115,Nội thất & Vật tư cơ bản,Quầy tiếp tân,1,"5,000,000","5,000,000",Cần mua,,115,Nội thất & Vật tư cơ bản,Quầy tiếp tân,1,"5,000,000","5,000,000",Cần mua,
,116,Nội thất & Vật tư cơ bản,Bộ sofa tiếp khách,1,"8,000,000",,"8,000,000",Cần mua,,116,Nội thất & Vật tư cơ bản,Bộ sofa tiếp khách,1,"8,000,000","8,000,000",Cần mua,,116,Nội thất & Vật tư cơ bản,Bộ sofa tiếp khách,1,"8,000,000","8,000,000",Cần mua,
,117,Thiết bị chuyên môn,Máy DDS,3,"20,000,000",,"60,000,000",Cần mua,,117,Thiết bị chuyên môn,Máy DDS,3,"20,000,000","60,000,000",Cần mua,,117,Thiết bị chuyên môn,Máy DDS,3,"20,000,000","60,000,000",Cần mua,
,118,Thiết bị chuyên môn,Máy Bio Max,3,"40,000,000",,"120,000,000",Cần mua,,118,Thiết bị chuyên môn,Máy Bio Max,3,"40,000,000","120,000,000",Cần mua,,118,Thiết bị chuyên môn,Máy Bio Max,3,"40,000,000","120,000,000",Cần mua,
,119,Đồ tiêu hao & Phụ kiện,"Khăn spa các loại (trải giường, quấn đầu)",50,"50,000",,"2,500,000",Cần mua,,119,Đồ tiêu hao & Phụ kiện,"Khăn spa các loại (trải giường, quấn đầu)",50,"50,000","2,500,000",Cần mua,,119,Đồ tiêu hao & Phụ kiện,"Khăn spa các loại (trải giường, quấn đầu)",50,"50,000","2,500,000",Cần mua,
,120,Đồ tiêu hao & Phụ kiện,Dép đi trong spa,20,"30,000",,"600,000",Cần mua,,120,Đồ tiêu hao & Phụ kiện,Dép đi trong spa,20,"30,000","600,000",Cần mua,,120,Đồ tiêu hao & Phụ kiện,Dép đi trong spa,20,"30,000","600,000",Cần mua,
,13,Thiết bị điện máy & Văn phòng,Laptop,1,"11,000,000",,"11,000,000",Cần mua,,13,Thiết bị điện máy & Văn phòng,Laptop,1,"11,000,000","11,000,000",Cần mua,,13,Thiết bị điện máy & Văn phòng,Laptop,1,"11,000,000","11,000,000",Cần mua,
,14,Thiết bị điện máy & Văn phòng,Tablet,3,"2,000,000",,"6,000,000",Cần mua,,14,Thiết bị điện máy & Văn phòng,Tablet,3,"2,000,000","6,000,000",Cần mua,,14,Thiết bị điện máy & Văn phòng,Tablet,3,"2,000,000","6,000,000",Cần mua,
,15,Thiết bị điện máy & Văn phòng,Máy lạnh 2.5HP,1,"12,000,000",,"12,000,000",Cần mua,,15,Thiết bị điện máy & Văn phòng,Máy lạnh 2.5HP,1,"12,000,000","12,000,000",Cần mua,,15,Thiết bị điện máy & Văn phòng,Máy lạnh 2.5HP,1,"12,000,000","12,000,000",Cần mua,
,16,Thiết bị điện máy & Văn phòng,Máy lạnh 1.5HP,2,"6,000,000",,"12,000,000",Cần mua,,16,Thiết bị điện máy & Văn phòng,Máy lạnh 1.5HP,2,"6,000,000","12,000,000",Cần mua,,16,Thiết bị điện máy & Văn phòng,Máy lạnh 1.5HP,2,"6,000,000","12,000,000",Cần mua,
,17,Nội thất & Vật tư cơ bản,"Rèm che giường (1 rèm 2.5x2.8m, 1 rèm 1x2.5m)",5,"3,610,000",,"18,050,000",Cần mua,380k/m2,17,Nội thất & Vật tư cơ bản,"Rèm che giường (1 rèm 2.5x2.8m, 1 rèm 1x2.5m)",5,"3,610,000","18,050,000",Cần mua,380k/m2,17,Nội thất & Vật tư cơ bản,"Rèm che giường (1 rèm 2.5x2.8m, 1 rèm 1x2.5m)",5,"3,610,000","18,050,000",Cần mua,380k/m2
,18,Đồ tiêu hao & Phụ kiện,Đồng phục cho khách,50,"250,000",,"12,500,000",Cần mua,,18,Đồ tiêu hao & Phụ kiện,Đồng phục cho khách,50,"250,000","12,500,000",Cần mua,,18,Đồ tiêu hao & Phụ kiện,Đồng phục cho khách,50,"250,000","12,500,000",Cần mua,
,19,Đồ tiêu hao & Phụ kiện,Đồng phục nhân viên,10,"500,000",,"5,000,000",Cần mua,,19,Đồ tiêu hao & Phụ kiện,Đồng phục nhân viên,10,"500,000","5,000,000",Cần mua,,19,Đồ tiêu hao & Phụ kiện,Đồng phục nhân viên,10,"500,000","5,000,000",Cần mua,
,20,Thiết bị điện máy & Văn phòng,Camera wifi,3,"500,000",,"1,500,000",Cần mua,,20,Thiết bị điện máy & Văn phòng,Camera wifi,3,"500,000","1,500,000",Cần mua,,20,Thiết bị điện máy & Văn phòng,Camera wifi,3,"500,000","1,500,000",Cần mua,
,21,Thiết bị điện máy & Văn phòng,Loa âm trần giá rẻ,3,"300,000",,"900,000",Cần mua,,21,Thiết bị điện máy & Văn phòng,Loa âm trần giá rẻ,3,"300,000","900,000",Cần mua,,21,Thiết bị điện máy & Văn phòng,Loa âm trần giá rẻ,3,"300,000","900,000",Cần mua,
,22,Đồ tiêu hao & Phụ kiện,Ly,20,0,,0,Cần mua,,22,Đồ tiêu hao & Phụ kiện,Ly,20,0,0,Cần mua,,22,Đồ tiêu hao & Phụ kiện,Ly,20,0,0,Cần mua,
,23,Đồ tiêu hao & Phụ kiện,Khay dĩa,10,0,,0,Cần mua,,23,Đồ tiêu hao & Phụ kiện,Khay dĩa,10,0,0,Cần mua,,23,Đồ tiêu hao & Phụ kiện,Khay dĩa,10,0,0,Cần mua,
,24,Đồ tiêu hao & Phụ kiện,Máy hấp,1,0,,0,Cần mua,,24,Đồ tiêu hao & Phụ kiện,Máy hấp,1,0,0,Cần mua,,24,Đồ tiêu hao & Phụ kiện,Máy hấp,1,0,0,Cần mua,
,,,Tổng cộng,,,,"309,050,000",,,,,Tổng cộng,,,"309,050,000",,,,,Tổng cộng,,,"309,050,000",,
,,,,,,,,,,,,,,,,,,,,,,,,,
,,,,,,,,,,,,,,,,,,,,,,,,,
,,,,,,,,,,,,,,,,,,,,,,,,,
,,,,,,,,,,,,,,,,,,,,,,,,,
,,,,,,,,,,,,,,,,,,,,,,,,,
,,,,,,,,,,,,,,,,,,,,,,,,,
,,,,,,,,,,,,,,,,,,,,,,,,,
,,,,,,,,,,,,,,,,,,,,,,,,,
,,,,,,,,,,,,,,,,,,,,,,,,,
,,,,,,,,,,,,,,,,,,,,,,,,,
,,,,,,,,,,,,,,,,,,,,,,,,,
,,,,,,,,,,,,,,,,,,,,,,,,,
,,,,,,,,,,,,,,,,,,,,,,,,,
,,,,,,,,,,,,,,,,,,,,,,,,,
,,,,,,,,,,,,,,,,,,,,,,,,,
,,,,,,,,,,,,,,,,,,,,,,,,,
,,,,,,,,,,,,,,,,,,,,,,,,,
,,,,,,,,,,,,,,,,,,,,,,,,,
,,,,,,,,,,,,,,,,,,,,,,,,,
,,,,,,,,,,,,,,,,,,,,,,,,,
,,,,,,,,,,,,,,,,,,,,,,,,,
,,,,,,,,,,,,,,,,,,,,,,,,,
,,,,,,,,,,,,,,,,,,,,,,,,,
,,,,,,,,,,,,,,,,,,,,,,,,,
,STT,Nhóm,Tên vật dụng,Số lượng,Đơn giá dự kiến,,Thành tiền,Trạng thái,Ghi chú,STT,Nhóm,Tên vật dụng,Số lượng,Đơn giá dự kiến,Thành tiền,Trạng thái,Ghi chú,STT,Nhóm,Tên vật dụng,Số lượng,Đơn giá dự kiến,Thành tiền,Trạng thái,Ghi chú
,159,Nội thất & Vật tư cơ bản,Giường spa,5,"6,000,000",,"30,000,000",Cần mua,,159,Nội thất & Vật tư cơ bản,Giường spa,5,"6,000,000","30,000,000",Cần mua,,159,Nội thất & Vật tư cơ bản,Giường spa,5,"6,000,000","30,000,000",Cần mua,
,160,Nội thất & Vật tư cơ bản,Xe đẩy dụng cụ (3 tầng),5,"500,000",,"2,500,000",Cần mua,,160,Nội thất & Vật tư cơ bản,Xe đẩy dụng cụ (3 tầng),5,"500,000","2,500,000",Cần mua,,160,Nội thất & Vật tư cơ bản,Xe đẩy dụng cụ (3 tầng),5,"500,000","2,500,000",Cần mua,
,161,Nội thất & Vật tư cơ bản,Ghế spa cho kỹ thuật viên,5,"300,000",,"1,500,000",Cần mua,,161,Nội thất & Vật tư cơ bản,Ghế spa cho kỹ thuật viên,5,"300,000","1,500,000",Cần mua,,161,Nội thất & Vật tư cơ bản,Ghế spa cho kỹ thuật viên,5,"300,000","1,500,000",Cần mua,
,162,Nội thất & Vật tư cơ bản,Quầy tiếp tân,1,"5,000,000",,"5,000,000",Cần mua,,162,Nội thất & Vật tư cơ bản,Quầy tiếp tân,1,"5,000,000","5,000,000",Cần mua,,162,Nội thất & Vật tư cơ bản,Quầy tiếp tân,1,"5,000,000","5,000,000",Cần mua,
,163,Nội thất & Vật tư cơ bản,Bộ sofa tiếp khách,1,"8,000,000",,"8,000,000",Cần mua,,163,Nội thất & Vật tư cơ bản,Bộ sofa tiếp khách,1,"8,000,000","8,000,000",Cần mua,,163,Nội thất & Vật tư cơ bản,Bộ sofa tiếp khách,1,"8,000,000","8,000,000",Cần mua,
,164,Thiết bị chuyên môn,Máy DDS,3,"20,000,000",,"60,000,000",Cần mua,,164,Thiết bị chuyên môn,Máy DDS,3,"20,000,000","60,000,000",Cần mua,,164,Thiết bị chuyên môn,Máy DDS,3,"20,000,000","60,000,000",Cần mua,
,165,Thiết bị chuyên môn,Máy Bio Max,3,"40,000,000",,"120,000,000",Cần mua,,165,Thiết bị chuyên môn,Máy Bio Max,3,"40,000,000","120,000,000",Cần mua,,165,Thiết bị chuyên môn,Máy Bio Max,3,"40,000,000","120,000,000",Cần mua,
,166,Đồ tiêu hao & Phụ kiện,"Khăn spa các loại (trải giường, quấn đầu)",50,"50,000",,"2,500,000",Cần mua,,166,Đồ tiêu hao & Phụ kiện,"Khăn spa các loại (trải giường, quấn đầu)",50,"50,000","2,500,000",Cần mua,,166,Đồ tiêu hao & Phụ kiện,"Khăn spa các loại (trải giường, quấn đầu)",50,"50,000","2,500,000",Cần mua,
,167,Đồ tiêu hao & Phụ kiện,Dép đi trong spa,20,"30,000",,"600,000",Cần mua,,167,Đồ tiêu hao & Phụ kiện,Dép đi trong spa,20,"30,000","600,000",Cần mua,,167,Đồ tiêu hao & Phụ kiện,Dép đi trong spa,20,"30,000","600,000",Cần mua,
,13,Thiết bị điện máy & Văn phòng,Laptop,1,"11,000,000",,"11,000,000",Cần mua,,13,Thiết bị điện máy & Văn phòng,Laptop,1,"11,000,000","11,000,000",Cần mua,,13,Thiết bị điện máy & Văn phòng,Laptop,1,"11,000,000","11,000,000",Cần mua,
,14,Thiết bị điện máy & Văn phòng,Tablet,3,"2,000,000",,"6,000,000",Cần mua,,14,Thiết bị điện máy & Văn phòng,Tablet,3,"2,000,000","6,000,000",Cần mua,,14,Thiết bị điện máy & Văn phòng,Tablet,3,"2,000,000","6,000,000",Cần mua,
,15,Thiết bị điện máy & Văn phòng,Máy lạnh 2.5HP,1,"12,000,000",,"12,000,000",Cần mua,,15,Thiết bị điện máy & Văn phòng,Máy lạnh 2.5HP,1,"12,000,000","12,000,000",Cần mua,,15,Thiết bị điện máy & Văn phòng,Máy lạnh 2.5HP,1,"12,000,000","12,000,000",Cần mua,
,16,Thiết bị điện máy & Văn phòng,Máy lạnh 1.5HP,2,"6,000,000",,"12,000,000",Cần mua,,16,Thiết bị điện máy & Văn phòng,Máy lạnh 1.5HP,2,"6,000,000","12,000,000",Cần mua,,16,Thiết bị điện máy & Văn phòng,Máy lạnh 1.5HP,2,"6,000,000","12,000,000",Cần mua,
,17,Nội thất & Vật tư cơ bản,"Rèm che giường (1 rèm 2.5x2.8m, 1 rèm 1x2.5m)",5,"3,610,000",,"18,050,000",Cần mua,380k/m2,17,Nội thất & Vật tư cơ bản,"Rèm che giường (1 rèm 2.5x2.8m, 1 rèm 1x2.5m)",5,"3,610,000","18,050,000",Cần mua,380k/m2,17,Nội thất & Vật tư cơ bản,"Rèm che giường (1 rèm 2.5x2.8m, 1 rèm 1x2.5m)",5,"3,610,000","18,050,000",Cần mua,380k/m2
,18,Đồ tiêu hao & Phụ kiện,Đồng phục cho khách,50,"250,000",,"12,500,000",Cần mua,,18,Đồ tiêu hao & Phụ kiện,Đồng phục cho khách,50,"250,000","12,500,000",Cần mua,,18,Đồ tiêu hao & Phụ kiện,Đồng phục cho khách,50,"250,000","12,500,000",Cần mua,
,19,Đồ tiêu hao & Phụ kiện,Đồng phục nhân viên,10,"500,000",,"5,000,000",Cần mua,,19,Đồ tiêu hao & Phụ kiện,Đồng phục nhân viên,10,"500,000","5,000,000",Cần mua,,19,Đồ tiêu hao & Phụ kiện,Đồng phục nhân viên,10,"500,000","5,000,000",Cần mua,
,20,Thiết bị điện máy & Văn phòng,Camera wifi,3,"500,000",,"1,500,000",Cần mua,,20,Thiết bị điện máy & Văn phòng,Camera wifi,3,"500,000","1,500,000",Cần mua,,20,Thiết bị điện máy & Văn phòng,Camera wifi,3,"500,000","1,500,000",Cần mua,
,21,Thiết bị điện máy & Văn phòng,Loa âm trần giá rẻ,3,"300,000",,"900,000",Cần mua,,21,Thiết bị điện máy & Văn phòng,Loa âm trần giá rẻ,3,"300,000","900,000",Cần mua,,21,Thiết bị điện máy & Văn phòng,Loa âm trần giá rẻ,3,"300,000","900,000",Cần mua,
,22,Đồ tiêu hao & Phụ kiện,Ly,20,0,,0,Cần mua,,22,Đồ tiêu hao & Phụ kiện,Ly,20,0,0,Cần mua,,22,Đồ tiêu hao & Phụ kiện,Ly,20,0,0,Cần mua,
,23,Đồ tiêu hao & Phụ kiện,Khay dĩa,10,0,,0,Cần mua,,23,Đồ tiêu hao & Phụ kiện,Khay dĩa,10,0,0,Cần mua,,23,Đồ tiêu hao & Phụ kiện,Khay dĩa,10,0,0,Cần mua,
,24,Đồ tiêu hao & Phụ kiện,Máy hấp,1,0,,0,Cần mua,,24,Đồ tiêu hao & Phụ kiện,Máy hấp,1,0,0,Cần mua,,24,Đồ tiêu hao & Phụ kiện,Máy hấp,1,0,0,Cần mua,
,,,Tổng cộng,,,,"309,050,000",,,,,Tổng cộng,,,"309,050,000",,,,,Tổng cộng,,,"309,050,000",,
,,,,,,,,,,,,,,,,,,,,,,,,,
,,,,,,,,,,,,,,,,,,,,,,,,,
,,,,,,,,,,,,,,,,,,,,,,,,,
,,,,,,,,,,,,,,,,,,,,,,,,,
,,,,,,,,,,,,,,,,,,,,,,,,,
,,,,,,,,,,,,,,,,,,,,,,,,,
,,,,,,,,,,,,,,,,,,,,,,,,,
,,,,,,,,,,,,,,,,,,,,,,,,,
,,,,,,,,,,,,,,,,,,,,,,,,,
,,,,,,,,,,,,,,,,,,,,,,,,,
,,,,,,,,,,,,,,,,,,,,,,,,,
,,,,,,,,,,,,,,,,,,,,,,,,,
,,,,,,,,,,,,,,,,,,,,,,,,,
,,,,,,,,,,,,,,,,,,,,,,,,,
,,,,,,,,,,,,,,,,,,,,,,,,,
,,,,,,,,,,,,,,,,,,,,,,,,,
,,,,,,,,,,,,,,,,,,,,,,,,,
,,,,,,,,,,,,,,,,,,,,,,,,,
,,,,,,,,,,,,,,,,,,,,,,,,,
,,,,,,,,,,,,,,,,,,,,,,,,,
,,,,,,,,,,,,,,,,,,,,,,,,,
,,,,,,,,,,,,,,,,,,,,,,,,,
,,,,,,,,,,,,,,,,,,,,,,,,,
,,,,,,,,,,,,,,,,,,,,,,,,,
,STT,Nhóm,Tên vật dụng,Số lượng,Đơn giá dự kiến,,Thành tiền,Trạng thái,Ghi chú,STT,Nhóm,Tên vật dụng,Số lượng,Đơn giá dự kiến,Thành tiền,Trạng thái,Ghi chú,STT,Nhóm,Tên vật dụng,Số lượng,Đơn giá dự kiến,Thành tiền,Trạng thái,Ghi chú
,206,Nội thất & Vật tư cơ bản,Giường spa,5,"6,000,000",,"30,000,000",Cần mua,,206,Nội thất & Vật tư cơ bản,Giường spa,5,"6,000,000","30,000,000",Cần mua,,206,Nội thất & Vật tư cơ bản,Giường spa,5,"6,000,000","30,000,000",Cần mua,
,207,Nội thất & Vật tư cơ bản,Xe đẩy dụng cụ (3 tầng),5,"500,000",,"2,500,000",Cần mua,,207,Nội thất & Vật tư cơ bản,Xe đẩy dụng cụ (3 tầng),5,"500,000","2,500,000",Cần mua,,207,Nội thất & Vật tư cơ bản,Xe đẩy dụng cụ (3 tầng),5,"500,000","2,500,000",Cần mua,
,208,Nội thất & Vật tư cơ bản,Ghế spa cho kỹ thuật viên,5,"300,000",,"1,500,000",Cần mua,,208,Nội thất & Vật tư cơ bản,Ghế spa cho kỹ thuật viên,5,"300,000","1,500,000",Cần mua,,208,Nội thất & Vật tư cơ bản,Ghế spa cho kỹ thuật viên,5,"300,000","1,500,000",Cần mua,
,209,Nội thất & Vật tư cơ bản,Quầy tiếp tân,1,"5,000,000",,"5,000,000",Cần mua,,209,Nội thất & Vật tư cơ bản,Quầy tiếp tân,1,"5,000,000","5,000,000",Cần mua,,209,Nội thất & Vật tư cơ bản,Quầy tiếp tân,1,"5,000,000","5,000,000",Cần mua,
,210,Nội thất & Vật tư cơ bản,Bộ sofa tiếp khách,1,"8,000,000",,"8,000,000",Cần mua,,210,Nội thất & Vật tư cơ bản,Bộ sofa tiếp khách,1,"8,000,000","8,000,000",Cần mua,,210,Nội thất & Vật tư cơ bản,Bộ sofa tiếp khách,1,"8,000,000","8,000,000",Cần mua,
,211,Thiết bị chuyên môn,Máy DDS,3,"20,000,000",,"60,000,000",Cần mua,,211,Thiết bị chuyên môn,Máy DDS,3,"20,000,000","60,000,000",Cần mua,,211,Thiết bị chuyên môn,Máy DDS,3,"20,000,000","60,000,000",Cần mua,
,212,Thiết bị chuyên môn,Máy Bio Max,3,"40,000,000",,"120,000,000",Cần mua,,212,Thiết bị chuyên môn,Máy Bio Max,3,"40,000,000","120,000,000",Cần mua,,212,Thiết bị chuyên môn,Máy Bio Max,3,"40,000,000","120,000,000",Cần mua,
,213,Đồ tiêu hao & Phụ kiện,"Khăn spa các loại (trải giường, quấn đầu)",50,"50,000",,"2,500,000",Cần mua,,213,Đồ tiêu hao & Phụ kiện,"Khăn spa các loại (trải giường, quấn đầu)",50,"50,000","2,500,000",Cần mua,,213,Đồ tiêu hao & Phụ kiện,"Khăn spa các loại (trải giường, quấn đầu)",50,"50,000","2,500,000",Cần mua,
,214,Đồ tiêu hao & Phụ kiện,Dép đi trong spa,20,"30,000",,"600,000",Cần mua,,214,Đồ tiêu hao & Phụ kiện,Dép đi trong spa,20,"30,000","600,000",Cần mua,,214,Đồ tiêu hao & Phụ kiện,Dép đi trong spa,20,"30,000","600,000",Cần mua,
,13,Thiết bị điện máy & Văn phòng,Laptop,1,"11,000,000",,"11,000,000",Cần mua,,13,Thiết bị điện máy & Văn phòng,Laptop,1,"11,000,000","11,000,000",Cần mua,,13,Thiết bị điện máy & Văn phòng,Laptop,1,"11,000,000","11,000,000",Cần mua,
,14,Thiết bị điện máy & Văn phòng,Tablet,3,"2,000,000",,"6,000,000",Cần mua,,14,Thiết bị điện máy & Văn phòng,Tablet,3,"2,000,000","6,000,000",Cần mua,,14,Thiết bị điện máy & Văn phòng,Tablet,3,"2,000,000","6,000,000",Cần mua,
,15,Thiết bị điện máy & Văn phòng,Máy lạnh 2.5HP,1,"12,000,000",,"12,000,000",Cần mua,,15,Thiết bị điện máy & Văn phòng,Máy lạnh 2.5HP,1,"12,000,000","12,000,000",Cần mua,,15,Thiết bị điện máy & Văn phòng,Máy lạnh 2.5HP,1,"12,000,000","12,000,000",Cần mua,
,16,Thiết bị điện máy & Văn phòng,Máy lạnh 1.5HP,2,"6,000,000",,"12,000,000",Cần mua,,16,Thiết bị điện máy & Văn phòng,Máy lạnh 1.5HP,2,"6,000,000","12,000,000",Cần mua,,16,Thiết bị điện máy & Văn phòng,Máy lạnh 1.5HP,2,"6,000,000","12,000,000",Cần mua,
,17,Nội thất & Vật tư cơ bản,"Rèm che giường (1 rèm 2.5x2.8m, 1 rèm 1x2.5m)",5,"3,610,000",,"18,050,000",Cần mua,380k/m2,17,Nội thất & Vật tư cơ bản,"Rèm che giường (1 rèm 2.5x2.8m, 1 rèm 1x2.5m)",5,"3,610,000","18,050,000",Cần mua,380k/m2,17,Nội thất & Vật tư cơ bản,"Rèm che giường (1 rèm 2.5x2.8m, 1 rèm 1x2.5m)",5,"3,610,000","18,050,000",Cần mua,380k/m2
,18,Đồ tiêu hao & Phụ kiện,Đồng phục cho khách,50,"250,000",,"12,500,000",Cần mua,,18,Đồ tiêu hao & Phụ kiện,Đồng phục cho khách,50,"250,000","12,500,000",Cần mua,,18,Đồ tiêu hao & Phụ kiện,Đồng phục cho khách,50,"250,000","12,500,000",Cần mua,
,19,Đồ tiêu hao & Phụ kiện,Đồng phục nhân viên,10,"500,000",,"5,000,000",Cần mua,,19,Đồ tiêu hao & Phụ kiện,Đồng phục nhân viên,10,"500,000","5,000,000",Cần mua,,19,Đồ tiêu hao & Phụ kiện,Đồng phục nhân viên,10,"500,000","5,000,000",Cần mua,
,20,Thiết bị điện máy & Văn phòng,Camera wifi,3,"500,000",,"1,500,000",Cần mua,,20,Thiết bị điện máy & Văn phòng,Camera wifi,3,"500,000","1,500,000",Cần mua,,20,Thiết bị điện máy & Văn phòng,Camera wifi,3,"500,000","1,500,000",Cần mua,
,21,Thiết bị điện máy & Văn phòng,Loa âm trần giá rẻ,3,"300,000",,"900,000",Cần mua,,21,Thiết bị điện máy & Văn phòng,Loa âm trần giá rẻ,3,"300,000","900,000",Cần mua,,21,Thiết bị điện máy & Văn phòng,Loa âm trần giá rẻ,3,"300,000","900,000",Cần mua,
,22,Đồ tiêu hao & Phụ kiện,Ly,20,0,,0,Cần mua,,22,Đồ tiêu hao & Phụ kiện,Ly,20,0,0,Cần mua,,22,Đồ tiêu hao & Phụ kiện,Ly,20,0,0,Cần mua,
,23,Đồ tiêu hao & Phụ kiện,Khay dĩa,10,0,,0,Cần mua,,23,Đồ tiêu hao & Phụ kiện,Khay dĩa,10,0,0,Cần mua,,23,Đồ tiêu hao & Phụ kiện,Khay dĩa,10,0,0,Cần mua,
,24,Đồ tiêu hao & Phụ kiện,Máy hấp,1,0,,0,Cần mua,,24,Đồ tiêu hao & Phụ kiện,Máy hấp,1,0,0,Cần mua,,24,Đồ tiêu hao & Phụ kiện,Máy hấp,1,0,0,Cần mua,
,,,Tổng cộng,,,,"309,050,000",,,,,Tổng cộng,,,"309,050,000",,,,,Tổng cộng,,,"309,050,000",,
,,,,,,,,,,,,,,,,,,,,,,,,,
,,,,,,,,,,,,,,,,,,,,,,,,,
,,,,,,,,,,,,,,,,,,,,,,,,,
,,,,,,,,,,,,,,,,,,,,,,,,,
,,,,,,,,,,,,,,,,,,,,,,,,,
,,,,,,,,,,,,,,,,,,,,,,,,,
,,,,,,,,,,,,,,,,,,,,,,,,,
,,,,,,,,,,,,,,,,,,,,,,,,,
,,,,,,,,,,,,,,,,,,,,,,,,,
,,,,,,,,,,,,,,,,,,,,,,,,,
,,,,,,,,,,,,,,,,,,,,,,,,,
,,,,,,,,,,,,,,,,,,,,,,,,,
,,,,,,,,,,,,,,,,,,,,,,,,,
,,,,,,,,,,,,,,,,,,,,,,,,,
,,,,,,,,,,,,,,,,,,,,,,,,,
,,,,,,,,,,,,,,,,,,,,,,,,,
,,,,,,,,,,,,,,,,,,,,,,,,,
,,,,,,,,,,,,,,,,,,,,,,,,,
,,,,,,,,,,,,,,,,,,,,,,,,,
,,,,,,,,,,,,,,,,,,,,,,,,,
,,,,,,,,,,,,,,,,,,,,,,,,,
,,,,,,,,,,,,,,,,,,,,,,,,,
,,,,,,,,,,,,,,,,,,,,,,,,,
,,,,,,,,,,,,,,,,,,,,,,,,,
,STT,Nhóm,Tên vật dụng,Số lượng,Đơn giá dự kiến,,Thành tiền,Trạng thái,Ghi chú,STT,Nhóm,Tên vật dụng,Số lượng,Đơn giá dự kiến,Thành tiền,Trạng thái,Ghi chú,STT,Nhóm,Tên vật dụng,Số lượng,Đơn giá dự kiến,Thành tiền,Trạng thái,Ghi chú
,253,Nội thất & Vật tư cơ bản,Giường spa,5,"6,000,000",,"30,000,000",Cần mua,,253,Nội thất & Vật tư cơ bản,Giường spa,5,"6,000,000","30,000,000",Cần mua,,253,Nội thất & Vật tư cơ bản,Giường spa,5,"6,000,000","30,000,000",Cần mua,
,254,Nội thất & Vật tư cơ bản,Xe đẩy dụng cụ (3 tầng),5,"500,000",,"2,500,000",Cần mua,,254,Nội thất & Vật tư cơ bản,Xe đẩy dụng cụ (3 tầng),5,"500,000","2,500,000",Cần mua,,254,Nội thất & Vật tư cơ bản,Xe đẩy dụng cụ (3 tầng),5,"500,000","2,500,000",Cần mua,
,255,Nội thất & Vật tư cơ bản,Ghế spa cho kỹ thuật viên,5,"300,000",,"1,500,000",Cần mua,,255,Nội thất & Vật tư cơ bản,Ghế spa cho kỹ thuật viên,5,"300,000","1,500,000",Cần mua,,255,Nội thất & Vật tư cơ bản,Ghế spa cho kỹ thuật viên,5,"300,000","1,500,000",Cần mua,
,256,Nội thất & Vật tư cơ bản,Quầy tiếp tân,1,"5,000,000",,"5,000,000",Cần mua,,256,Nội thất & Vật tư cơ bản,Quầy tiếp tân,1,"5,000,000","5,000,000",Cần mua,,256,Nội thất & Vật tư cơ bản,Quầy tiếp tân,1,"5,000,000","5,000,000",Cần mua,
,257,Nội thất & Vật tư cơ bản,Bộ sofa tiếp khách,1,"8,000,000",,"8,000,000",Cần mua,,257,Nội thất & Vật tư cơ bản,Bộ sofa tiếp khách,1,"8,000,000","8,000,000",Cần mua,,257,Nội thất & Vật tư cơ bản,Bộ sofa tiếp khách,1,"8,000,000","8,000,000",Cần mua,
,258,Thiết bị chuyên môn,Máy DDS,3,"20,000,000",,"60,000,000",Cần mua,,258,Thiết bị chuyên môn,Máy DDS,3,"20,000,000","60,000,000",Cần mua,,258,Thiết bị chuyên môn,Máy DDS,3,"20,000,000","60,000,000",Cần mua,
,259,Thiết bị chuyên môn,Máy Bio Max,3,"40,000,000",,"120,000,000",Cần mua,,259,Thiết bị chuyên môn,Máy Bio Max,3,"40,000,000","120,000,000",Cần mua,,259,Thiết bị chuyên môn,Máy Bio Max,3,"40,000,000","120,000,000",Cần mua,
,260,Đồ tiêu hao & Phụ kiện,"Khăn spa các loại (trải giường, quấn đầu)",50,"50,000",,"2,500,000",Cần mua,,260,Đồ tiêu hao & Phụ kiện,"Khăn spa các loại (trải giường, quấn đầu)",50,"50,000","2,500,000",Cần mua,,260,Đồ tiêu hao & Phụ kiện,"Khăn spa các loại (trải giường, quấn đầu)",50,"50,000","2,500,000",Cần mua,
,261,Đồ tiêu hao & Phụ kiện,Dép đi trong spa,20,"30,000",,"600,000",Cần mua,,261,Đồ tiêu hao & Phụ kiện,Dép đi trong spa,20,"30,000","600,000",Cần mua,,261,Đồ tiêu hao & Phụ kiện,Dép đi trong spa,20,"30,000","600,000",Cần mua,
,13,Thiết bị điện máy & Văn phòng,Laptop,1,"11,000,000",,"11,000,000",Cần mua,,13,Thiết bị điện máy & Văn phòng,Laptop,1,"11,000,000","11,000,000",Cần mua,,13,Thiết bị điện máy & Văn phòng,Laptop,1,"11,000,000","11,000,000",Cần mua,
,14,Thiết bị điện máy & Văn phòng,Tablet,3,"2,000,000",,"6,000,000",Cần mua,,14,Thiết bị điện máy & Văn phòng,Tablet,3,"2,000,000","6,000,000",Cần mua,,14,Thiết bị điện máy & Văn phòng,Tablet,3,"2,000,000","6,000,000",Cần mua,
,15,Thiết bị điện máy & Văn phòng,Máy lạnh 2.5HP,1,"12,000,000",,"12,000,000",Cần mua,,15,Thiết bị điện máy & Văn phòng,Máy lạnh 2.5HP,1,"12,000,000","12,000,000",Cần mua,,15,Thiết bị điện máy & Văn phòng,Máy lạnh 2.5HP,1,"12,000,000","12,000,000",Cần mua,
,16,Thiết bị điện máy & Văn phòng,Máy lạnh 1.5HP,2,"6,000,000",,"12,000,000",Cần mua,,16,Thiết bị điện máy & Văn phòng,Máy lạnh 1.5HP,2,"6,000,000","12,000,000",Cần mua,,16,Thiết bị điện máy & Văn phòng,Máy lạnh 1.5HP,2,"6,000,000","12,000,000",Cần mua,
,17,Nội thất & Vật tư cơ bản,"Rèm che giường (1 rèm 2.5x2.8m, 1 rèm 1x2.5m)",5,"3,610,000",,"18,050,000",Cần mua,380k/m2,17,Nội thất & Vật tư cơ bản,"Rèm che giường (1 rèm 2.5x2.8m, 1 rèm 1x2.5m)",5,"3,610,000","18,050,000",Cần mua,380k/m2,17,Nội thất & Vật tư cơ bản,"Rèm che giường (1 rèm 2.5x2.8m, 1 rèm 1x2.5m)",5,"3,610,000","18,050,000",Cần mua,380k/m2
,18,Đồ tiêu hao & Phụ kiện,Đồng phục cho khách,50,"250,000",,"12,500,000",Cần mua,,18,Đồ tiêu hao & Phụ kiện,Đồng phục cho khách,50,"250,000","12,500,000",Cần mua,,18,Đồ tiêu hao & Phụ kiện,Đồng phục cho khách,50,"250,000","12,500,000",Cần mua,
,19,Đồ tiêu hao & Phụ kiện,Đồng phục nhân viên,10,"500,000",,"5,000,000",Cần mua,,19,Đồ tiêu hao & Phụ kiện,Đồng phục nhân viên,10,"500,000","5,000,000",Cần mua,,19,Đồ tiêu hao & Phụ kiện,Đồng phục nhân viên,10,"500,000","5,000,000",Cần mua,
,20,Thiết bị điện máy & Văn phòng,Camera wifi,3,"500,000",,"1,500,000",Cần mua,,20,Thiết bị điện máy & Văn phòng,Camera wifi,3,"500,000","1,500,000",Cần mua,,20,Thiết bị điện máy & Văn phòng,Camera wifi,3,"500,000","1,500,000",Cần mua,
,21,Thiết bị điện máy & Văn phòng,Loa âm trần giá rẻ,3,"300,000",,"900,000",Cần mua,,21,Thiết bị điện máy & Văn phòng,Loa âm trần giá rẻ,3,"300,000","900,000",Cần mua,,21,Thiết bị điện máy & Văn phòng,Loa âm trần giá rẻ,3,"300,000","900,000",Cần mua,
,22,Đồ tiêu hao & Phụ kiện,Ly,20,0,,0,Cần mua,,22,Đồ tiêu hao & Phụ kiện,Ly,20,0,0,Cần mua,,22,Đồ tiêu hao & Phụ kiện,Ly,20,0,0,Cần mua,
,23,Đồ tiêu hao & Phụ kiện,Khay dĩa,10,0,,0,Cần mua,,23,Đồ tiêu hao & Phụ kiện,Khay dĩa,10,0,0,Cần mua,,23,Đồ tiêu hao & Phụ kiện,Khay dĩa,10,0,0,Cần mua,
,24,Đồ tiêu hao & Phụ kiện,Máy hấp,1,0,,0,Cần mua,,24,Đồ tiêu hao & Phụ kiện,Máy hấp,1,0,0,Cần mua,,24,Đồ tiêu hao & Phụ kiện,Máy hấp,1,0,0,Cần mua,
,,,Tổng cộng,,,,"309,050,000",,,,,Tổng cộng,,,"309,050,000",,,,,Tổng cộng,,,"309,050,000",,
,,,,,,,,,,,,,,,,,,,,,,,,,
,,,,,,,,,,,,,,,,,,,,,,,,,
,,,,,,,,,,,,,,,,,,,,,,,,,
,,,,,,,,,,,,,,,,,,,,,,,,,
,,,,,,,,,,,,,,,,,,,,,,,,,
,,,,,,,,,,,,,,,,,,,,,,,,,
,,,,,,,,,,,,,,,,,,,,,,,,,
,,,,,,,,,,,,,,,,,,,,,,,,,
,,,,,,,,,,,,,,,,,,,,,,,,,
,,,,,,,,,,,,,,,,,,,,,,,,,
,,,,,,,,,,,,,,,,,,,,,,,,,
,,,,,,,,,,,,,,,,,,,,,,,,,
,,,,,,,,,,,,,,,,,,,,,,,,,
,,,,,,,,,,,,,,,,,,,,,,,,,
,,,,,,,,,,,,,,,,,,,,,,,,,
,,,,,,,,,,,,,,,,,,,,,,,,,
,,,,,,,,,,,,,,,,,,,,,,,,,
,,,,,,,,,,,,,,,,,,,,,,,,,
,,,,,,,,,,,,,,,,,,,,,,,,,
,,,,,,,,,,,,,,,,,,,,,,,,,
,,,,,,,,,,,,,,,,,,,,,,,,,
,,,,,,,,,,,,,,,,,,,,,,,,,
,,,,,,,,,,,,,,,,,,,,,,,,,
,,,,,,,,,,,,,,,,,,,,,,,,,
,STT,Nhóm,Tên vật dụng,Số lượng,Đơn giá dự kiến,,Thành tiền,Trạng thái,Ghi chú,STT,Nhóm,Tên vật dụng,Số lượng,Đơn giá dự kiến,Thành tiền,Trạng thái,Ghi chú,STT,Nhóm,Tên vật dụng,Số lượng,Đơn giá dự kiến,Thành tiền,Trạng thái,Ghi chú
,300,Nội thất & Vật tư cơ bản,Giường spa,5,"6,000,000",,"30,000,000",Cần mua,,300,Nội thất & Vật tư cơ bản,Giường spa,5,"6,000,000","30,000,000",Cần mua,,300,Nội thất & Vật tư cơ bản,Giường spa,5,"6,000,000","30,000,000",Cần mua,
,301,Nội thất & Vật tư cơ bản,Xe đẩy dụng cụ (3 tầng),5,"500,000",,"2,500,000",Cần mua,,301,Nội thất & Vật tư cơ bản,Xe đẩy dụng cụ (3 tầng),5,"500,000","2,500,000",Cần mua,,301,Nội thất & Vật tư cơ bản,Xe đẩy dụng cụ (3 tầng),5,"500,000","2,500,000",Cần mua,
,302,Nội thất & Vật tư cơ bản,Ghế spa cho kỹ thuật viên,5,"300,000",,"1,500,000",Cần mua,,302,Nội thất & Vật tư cơ bản,Ghế spa cho kỹ thuật viên,5,"300,000","1,500,000",Cần mua,,302,Nội thất & Vật tư cơ bản,Ghế spa cho kỹ thuật viên,5,"300,000","1,500,000",Cần mua,
,303,Nội thất & Vật tư cơ bản,Quầy tiếp tân,1,"5,000,000",,"5,000,000",Cần mua,,303,Nội thất & Vật tư cơ bản,Quầy tiếp tân,1,"5,000,000","5,000,000",Cần mua,,303,Nội thất & Vật tư cơ bản,Quầy tiếp tân,1,"5,000,000","5,000,000",Cần mua,
,304,Nội thất & Vật tư cơ bản,Bộ sofa tiếp khách,1,"8,000,000",,"8,000,000",Cần mua,,304,Nội thất & Vật tư cơ bản,Bộ sofa tiếp khách,1,"8,000,000","8,000,000",Cần mua,,304,Nội thất & Vật tư cơ bản,Bộ sofa tiếp khách,1,"8,000,000","8,000,000",Cần mua,
,305,Thiết bị chuyên môn,Máy DDS,3,"20,000,000",,"60,000,000",Cần mua,,305,Thiết bị chuyên môn,Máy DDS,3,"20,000,000","60,000,000",Cần mua,,305,Thiết bị chuyên môn,Máy DDS,3,"20,000,000","60,000,000",Cần mua,
,306,Thiết bị chuyên môn,Máy Bio Max,3,"40,000,000",,"120,000,000",Cần mua,,306,Thiết bị chuyên môn,Máy Bio Max,3,"40,000,000","120,000,000",Cần mua,,306,Thiết bị chuyên môn,Máy Bio Max,3,"40,000,000","120,000,000",Cần mua,
,307,Đồ tiêu hao & Phụ kiện,"Khăn spa các loại (trải giường, quấn đầu)",50,"50,000",,"2,500,000",Cần mua,,307,Đồ tiêu hao & Phụ kiện,"Khăn spa các loại (trải giường, quấn đầu)",50,"50,000","2,500,000",Cần mua,,307,Đồ tiêu hao & Phụ kiện,"Khăn spa các loại (trải giường, quấn đầu)",50,"50,000","2,500,000",Cần mua,
,308,Đồ tiêu hao & Phụ kiện,Dép đi trong spa,20,"30,000",,"600,000",Cần mua,,308,Đồ tiêu hao & Phụ kiện,Dép đi trong spa,20,"30,000","600,000",Cần mua,,308,Đồ tiêu hao & Phụ kiện,Dép đi trong spa,20,"30,000","600,000",Cần mua,
,13,Thiết bị điện máy & Văn phòng,Laptop,1,"11,000,000",,"11,000,000",Cần mua,,13,Thiết bị điện máy & Văn phòng,Laptop,1,"11,000,000","11,000,000",Cần mua,,13,Thiết bị điện máy & Văn phòng,Laptop,1,"11,000,000","11,000,000",Cần mua,
,14,Thiết bị điện máy & Văn phòng,Tablet,3,"2,000,000",,"6,000,000",Cần mua,,14,Thiết bị điện máy & Văn phòng,Tablet,3,"2,000,000","6,000,000",Cần mua,,14,Thiết bị điện máy & Văn phòng,Tablet,3,"2,000,000","6,000,000",Cần mua,
,15,Thiết bị điện máy & Văn phòng,Máy lạnh 2.5HP,1,"12,000,000",,"12,000,000",Cần mua,,15,Thiết bị điện máy & Văn phòng,Máy lạnh 2.5HP,1,"12,000,000","12,000,000",Cần mua,,15,Thiết bị điện máy & Văn phòng,Máy lạnh 2.5HP,1,"12,000,000","12,000,000",Cần mua,
,16,Thiết bị điện máy & Văn phòng,Máy lạnh 1.5HP,2,"6,000,000",,"12,000,000",Cần mua,,16,Thiết bị điện máy & Văn phòng,Máy lạnh 1.5HP,2,"6,000,000","12,000,000",Cần mua,,16,Thiết bị điện máy & Văn phòng,Máy lạnh 1.5HP,2,"6,000,000","12,000,000",Cần mua,
,17,Nội thất & Vật tư cơ bản,"Rèm che giường (1 rèm 2.5x2.8m, 1 rèm 1x2.5m)",5,"3,610,000",,"18,050,000",Cần mua,380k/m2,17,Nội thất & Vật tư cơ bản,"Rèm che giường (1 rèm 2.5x2.8m, 1 rèm 1x2.5m)",5,"3,610,000","18,050,000",Cần mua,380k/m2,17,Nội thất & Vật tư cơ bản,"Rèm che giường (1 rèm 2.5x2.8m, 1 rèm 1x2.5m)",5,"3,610,000","18,050,000",Cần mua,380k/m2
,18,Đồ tiêu hao & Phụ kiện,Đồng phục cho khách,50,"250,000",,"12,500,000",Cần mua,,18,Đồ tiêu hao & Phụ kiện,Đồng phục cho khách,50,"250,000","12,500,000",Cần mua,,18,Đồ tiêu hao & Phụ kiện,Đồng phục cho khách,50,"250,000","12,500,000",Cần mua,
,19,Đồ tiêu hao & Phụ kiện,Đồng phục nhân viên,10,"500,000",,"5,000,000",Cần mua,,19,Đồ tiêu hao & Phụ kiện,Đồng phục nhân viên,10,"500,000","5,000,000",Cần mua,,19,Đồ tiêu hao & Phụ kiện,Đồng phục nhân viên,10,"500,000","5,000,000",Cần mua,
,20,Thiết bị điện máy & Văn phòng,Camera wifi,3,"500,000",,"1,500,000",Cần mua,,20,Thiết bị điện máy & Văn phòng,Camera wifi,3,"500,000","1,500,000",Cần mua,,20,Thiết bị điện máy & Văn phòng,Camera wifi,3,"500,000","1,500,000",Cần mua,
,21,Thiết bị điện máy & Văn phòng,Loa âm trần giá rẻ,3,"300,000",,"900,000",Cần mua,,21,Thiết bị điện máy & Văn phòng,Loa âm trần giá rẻ,3,"300,000","900,000",Cần mua,,21,Thiết bị điện máy & Văn phòng,Loa âm trần giá rẻ,3,"300,000","900,000",Cần mua,
,22,Đồ tiêu hao & Phụ kiện,Ly,20,0,,0,Cần mua,,22,Đồ tiêu hao & Phụ kiện,Ly,20,0,0,Cần mua,,22,Đồ tiêu hao & Phụ kiện,Ly,20,0,0,Cần mua,
,23,Đồ tiêu hao & Phụ kiện,Khay dĩa,10,0,,0,Cần mua,,23,Đồ tiêu hao & Phụ kiện,Khay dĩa,10,0,0,Cần mua,,23,Đồ tiêu hao & Phụ kiện,Khay dĩa,10,0,0,Cần mua,
,24,Đồ tiêu hao & Phụ kiện,Máy hấp,1,0,,0,Cần mua,,24,Đồ tiêu hao & Phụ kiện,Máy hấp,1,0,0,Cần mua,,24,Đồ tiêu hao & Phụ kiện,Máy hấp,1,0,0,Cần mua,
,,,Tổng cộng,,,,"309,050,000",,,,,Tổng cộng,,,"309,050,000",,,,,Tổng cộng,,,"309,050,000",,
,,,,,,,,,,,,,,,,,,,,,,,,,
,,,,,,,,,,,,,,,,,,,,,,,,,
,,,,,,,,,,,,,,,,,,,,,,,,,
,,,,,,,,,,,,,,,,,,,,,,,,,
,,,,,,,,,,,,,,,,,,,,,,,,,
,,,,,,,,,,,,,,,,,,,,,,,,,
,,,,,,,,,,,,,,,,,,,,,,,,,
,,,,,,,,,,,,,,,,,,,,,,,,,
,,,,,,,,,,,,,,,,,,,,,,,,,
,,,,,,,,,,,,,,,,,,,,,,,,,
,,,,,,,,,,,,,,,,,,,,,,,,,
,,,,,,,,,,,,,,,,,,,,,,,,,
,,,,,,,,,,,,,,,,,,,,,,,,,
,,,,,,,,,,,,,,,,,,,,,,,,,
,,,,,,,,,,,,,,,,,,,,,,,,,
,,,,,,,,,,,,,,,,,,,,,,,,,
,,,,,,,,,,,,,,,,,,,,,,,,,
,,,,,,,,,,,,,,,,,,,,,,,,,
,,,,,,,,,,,,,,,,,,,,,,,,,
,,,,,,,,,,,,,,,,,,,,,,,,,
,,,,,,,,,,,,,,,,,,,,,,,,,
,,,,,,,,,,,,,,,,,,,,,,,,,
,,,,,,,,,,,,,,,,,,,,,,,,,
,,,,,,,,,,,,,,,,,,,,,,,,,
,STT,Nhóm,Tên vật dụng,Số lượng,Đơn giá dự kiến,,Thành tiền,Trạng thái,Ghi chú,STT,Nhóm,Tên vật dụng,Số lượng,Đơn giá dự kiến,Thành tiền,Trạng thái,Ghi chú,STT,Nhóm,Tên vật dụng,Số lượng,Đơn giá dự kiến,Thành tiền,Trạng thái,Ghi chú
,347,Nội thất & Vật tư cơ bản,Giường spa,5,"6,000,000",,"30,000,000",Cần mua,,347,Nội thất & Vật tư cơ bản,Giường spa,5,"6,000,000","30,000,000",Cần mua,,347,Nội thất & Vật tư cơ bản,Giường spa,5,"6,000,000","30,000,000",Cần mua,
,348,Nội thất & Vật tư cơ bản,Xe đẩy dụng cụ (3 tầng),5,"500,000",,"2,500,000",Cần mua,,348,Nội thất & Vật tư cơ bản,Xe đẩy dụng cụ (3 tầng),5,"500,000","2,500,000",Cần mua,,348,Nội thất & Vật tư cơ bản,Xe đẩy dụng cụ (3 tầng),5,"500,000","2,500,000",Cần mua,
,349,Nội thất & Vật tư cơ bản,Ghế spa cho kỹ thuật viên,5,"300,000",,"1,500,000",Cần mua,,349,Nội thất & Vật tư cơ bản,Ghế spa cho kỹ thuật viên,5,"300,000","1,500,000",Cần mua,,349,Nội thất & Vật tư cơ bản,Ghế spa cho kỹ thuật viên,5,"300,000","1,500,000",Cần mua,
,350,Nội thất & Vật tư cơ bản,Quầy tiếp tân,1,"5,000,000",,"5,000,000",Cần mua,,350,Nội thất & Vật tư cơ bản,Quầy tiếp tân,1,"5,000,000","5,000,000",Cần mua,,350,Nội thất & Vật tư cơ bản,Quầy tiếp tân,1,"5,000,000","5,000,000",Cần mua,
,351,Nội thất & Vật tư cơ bản,Bộ sofa tiếp khách,1,"8,000,000",,"8,000,000",Cần mua,,351,Nội thất & Vật tư cơ bản,Bộ sofa tiếp khách,1,"8,000,000","8,000,000",Cần mua,,351,Nội thất & Vật tư cơ bản,Bộ sofa tiếp khách,1,"8,000,000","8,000,000",Cần mua,
,352,Thiết bị chuyên môn,Máy DDS,3,"20,000,000",,"60,000,000",Cần mua,,352,Thiết bị chuyên môn,Máy DDS,3,"20,000,000","60,000,000",Cần mua,,352,Thiết bị chuyên môn,Máy DDS,3,"20,000,000","60,000,000",Cần mua,
,353,Thiết bị chuyên môn,Máy Bio Max,3,"40,000,000",,"120,000,000",Cần mua,,353,Thiết bị chuyên môn,Máy Bio Max,3,"40,000,000","120,000,000",Cần mua,,353,Thiết bị chuyên môn,Máy Bio Max,3,"40,000,000","120,000,000",Cần mua,
,354,Đồ tiêu hao & Phụ kiện,"Khăn spa các loại (trải giường, quấn đầu)",50,"50,000",,"2,500,000",Cần mua,,354,Đồ tiêu hao & Phụ kiện,"Khăn spa các loại (trải giường, quấn đầu)",50,"50,000","2,500,000",Cần mua,,354,Đồ tiêu hao & Phụ kiện,"Khăn spa các loại (trải giường, quấn đầu)",50,"50,000","2,500,000",Cần mua,
,355,Đồ tiêu hao & Phụ kiện,Dép đi trong spa,20,"30,000",,"600,000",Cần mua,,355,Đồ tiêu hao & Phụ kiện,Dép đi trong spa,20,"30,000","600,000",Cần mua,,355,Đồ tiêu hao & Phụ kiện,Dép đi trong spa,20,"30,000","600,000",Cần mua,
,13,Thiết bị điện máy & Văn phòng,Laptop,1,"11,000,000",,"11,000,000",Cần mua,,13,Thiết bị điện máy & Văn phòng,Laptop,1,"11,000,000","11,000,000",Cần mua,,13,Thiết bị điện máy & Văn phòng,Laptop,1,"11,000,000","11,000,000",Cần mua,
,14,Thiết bị điện máy & Văn phòng,Tablet,3,"2,000,000",,"6,000,000",Cần mua,,14,Thiết bị điện máy & Văn phòng,Tablet,3,"2,000,000","6,000,000",Cần mua,,14,Thiết bị điện máy & Văn phòng,Tablet,3,"2,000,000","6,000,000",Cần mua,
,15,Thiết bị điện máy & Văn phòng,Máy lạnh 2.5HP,1,"12,000,000",,"12,000,000",Cần mua,,15,Thiết bị điện máy & Văn phòng,Máy lạnh 2.5HP,1,"12,000,000","12,000,000",Cần mua,,15,Thiết bị điện máy & Văn phòng,Máy lạnh 2.5HP,1,"12,000,000","12,000,000",Cần mua,
,16,Thiết bị điện máy & Văn phòng,Máy lạnh 1.5HP,2,"6,000,000",,"12,000,000",Cần mua,,16,Thiết bị điện máy & Văn phòng,Máy lạnh 1.5HP,2,"6,000,000","12,000,000",Cần mua,,16,Thiết bị điện máy & Văn phòng,Máy lạnh 1.5HP,2,"6,000,000","12,000,000",Cần mua,
,17,Nội thất & Vật tư cơ bản,"Rèm che giường (1 rèm 2.5x2.8m, 1 rèm 1x2.5m)",5,"3,610,000",,"18,050,000",Cần mua,380k/m2,17,Nội thất & Vật tư cơ bản,"Rèm che giường (1 rèm 2.5x2.8m, 1 rèm 1x2.5m)",5,"3,610,000","18,050,000",Cần mua,380k/m2,17,Nội thất & Vật tư cơ bản,"Rèm che giường (1 rèm 2.5x2.8m, 1 rèm 1x2.5m)",5,"3,610,000","18,050,000",Cần mua,380k/m2
,18,Đồ tiêu hao & Phụ kiện,Đồng phục cho khách,50,"250,000",,"12,500,000",Cần mua,,18,Đồ tiêu hao & Phụ kiện,Đồng phục cho khách,50,"250,000","12,500,000",Cần mua,,18,Đồ tiêu hao & Phụ kiện,Đồng phục cho khách,50,"250,000","12,500,000",Cần mua,
,19,Đồ tiêu hao & Phụ kiện,Đồng phục nhân viên,10,"500,000",,"5,000,000",Cần mua,,19,Đồ tiêu hao & Phụ kiện,Đồng phục nhân viên,10,"500,000","5,000,000",Cần mua,,19,Đồ tiêu hao & Phụ kiện,Đồng phục nhân viên,10,"500,000","5,000,000",Cần mua,
,20,Thiết bị điện máy & Văn phòng,Camera wifi,3,"500,000",,"1,500,000",Cần mua,,20,Thiết bị điện máy & Văn phòng,Camera wifi,3,"500,000","1,500,000",Cần mua,,20,Thiết bị điện máy & Văn phòng,Camera wifi,3,"500,000","1,500,000",Cần mua,
,21,Thiết bị điện máy & Văn phòng,Loa âm trần giá rẻ,3,"300,000",,"900,000",Cần mua,,21,Thiết bị điện máy & Văn phòng,Loa âm trần giá rẻ,3,"300,000","900,000",Cần mua,,21,Thiết bị điện máy & Văn phòng,Loa âm trần giá rẻ,3,"300,000","900,000",Cần mua,
,22,Đồ tiêu hao & Phụ kiện,Ly,20,0,,0,Cần mua,,22,Đồ tiêu hao & Phụ kiện,Ly,20,0,0,Cần mua,,22,Đồ tiêu hao & Phụ kiện,Ly,20,0,0,Cần mua,
,23,Đồ tiêu hao & Phụ kiện,Khay dĩa,10,0,,0,Cần mua,,23,Đồ tiêu hao & Phụ kiện,Khay dĩa,10,0,0,Cần mua,,23,Đồ tiêu hao & Phụ kiện,Khay dĩa,10,0,0,Cần mua,
,24,Đồ tiêu hao & Phụ kiện,Máy hấp,1,0,,0,Cần mua,,24,Đồ tiêu hao & Phụ kiện,Máy hấp,1,0,0,Cần mua,,24,Đồ tiêu hao & Phụ kiện,Máy hấp,1,0,0,Cần mua,
,,,Tổng cộng,,,,"309,050,000",,,,,Tổng cộng,,,"309,050,000",,,,,Tổng cộng,,,"309,050,000",,
,,,,,,,,,,,,,,,,,,,,,,,,,
,,,,,,,,,,,,,,,,,,,,,,,,,
,,,,,,,,,,,,,,,,,,,,,,,,,
,,,,,,,,,,,,,,,,,,,,,,,,,
,,,,,,,,,,,,,,,,,,,,,,,,,
,,,,,,,,,,,,,,,,,,,,,,,,,
,,,,,,,,,,,,,,,,,,,,,,,,,
,,,,,,,,,,,,,,,,,,,,,,,,,
,,,,,,,,,,,,,,,,,,,,,,,,,
,,,,,,,,,,,,,,,,,,,,,,,,,
,,,,,,,,,,,,,,,,,,,,,,,,,
,,,,,,,,,,,,,,,,,,,,,,,,,
,,,,,,,,,,,,,,,,,,,,,,,,,
,,,,,,,,,,,,,,,,,,,,,,,,,
,,,,,,,,,,,,,,,,,,,,,,,,,
,,,,,,,,,,,,,,,,,,,,,,,,,
,,,,,,,,,,,,,,,,,,,,,,,,,
,,,,,,,,,,,,,,,,,,,,,,,,,
,,,,,,,,,,,,,,,,,,,,,,,,,
,,,,,,,,,,,,,,,,,,,,,,,,,
,,,,,,,,,,,,,,,,,,,,,,,,,
,,,,,,,,,,,,,,,,,,,,,,,,,
,,,,,,,,,,,,,,,,,,,,,,,,,
,,,,,,,,,,,,,,,,,,,,,,,,,
,STT,Nhóm,Tên vật dụng,Số lượng,Đơn giá dự kiến,,Thành tiền,Trạng thái,Ghi chú,STT,Nhóm,Tên vật dụng,Số lượng,Đơn giá dự kiến,Thành tiền,Trạng thái,Ghi chú,STT,Nhóm,Tên vật dụng,Số lượng,Đơn giá dự kiến,Thành tiền,Trạng thái,Ghi chú
,394,Nội thất & Vật tư cơ bản,Giường spa,5,"6,000,000",,"30,000,000",Cần mua,,394,Nội thất & Vật tư cơ bản,Giường spa,5,"6,000,000","30,000,000",Cần mua,,394,Nội thất & Vật tư cơ bản,Giường spa,5,"6,000,000","30,000,000",Cần mua,
,395,Nội thất & Vật tư cơ bản,Xe đẩy dụng cụ (3 tầng),5,"500,000",,"2,500,000",Cần mua,,395,Nội thất & Vật tư cơ bản,Xe đẩy dụng cụ (3 tầng),5,"500,000","2,500,000",Cần mua,,395,Nội thất & Vật tư cơ bản,Xe đẩy dụng cụ (3 tầng),5,"500,000","2,500,000",Cần mua,
,396,Nội thất & Vật tư cơ bản,Ghế spa cho kỹ thuật viên,5,"300,000",,"1,500,000",Cần mua,,396,Nội thất & Vật tư cơ bản,Ghế spa cho kỹ thuật viên,5,"300,000","1,500,000",Cần mua,,396,Nội thất & Vật tư cơ bản,Ghế spa cho kỹ thuật viên,5,"300,000","1,500,000",Cần mua,
,397,Nội thất & Vật tư cơ bản,Quầy tiếp tân,1,"5,000,000",,"5,000,000",Cần mua,,397,Nội thất & Vật tư cơ bản,Quầy tiếp tân,1,"5,000,000","5,000,000",Cần mua,,397,Nội thất & Vật tư cơ bản,Quầy tiếp tân,1,"5,000,000","5,000,000",Cần mua,
,398,Nội thất & Vật tư cơ bản,Bộ sofa tiếp khách,1,"8,000,000",,"8,000,000",Cần mua,,398,Nội thất & Vật tư cơ bản,Bộ sofa tiếp khách,1,"8,000,000","8,000,000",Cần mua,,398,Nội thất & Vật tư cơ bản,Bộ sofa tiếp khách,1,"8,000,000","8,000,000",Cần mua,
,399,Thiết bị chuyên môn,Máy DDS,3,"20,000,000",,"60,000,000",Cần mua,,399,Thiết bị chuyên môn,Máy DDS,3,"20,000,000","60,000,000",Cần mua,,399,Thiết bị chuyên môn,Máy DDS,3,"20,000,000","60,000,000",Cần mua,
,400,Thiết bị chuyên môn,Máy Bio Max,3,"40,000,000",,"120,000,000",Cần mua,,400,Thiết bị chuyên môn,Máy Bio Max,3,"40,000,000","120,000,000",Cần mua,,400,Thiết bị chuyên môn,Máy Bio Max,3,"40,000,000","120,000,000",Cần mua,
,401,Đồ tiêu hao & Phụ kiện,"Khăn spa các loại (trải giường, quấn đầu)",50,"50,000",,"2,500,000",Cần mua,,401,Đồ tiêu hao & Phụ kiện,"Khăn spa các loại (trải giường, quấn đầu)",50,"50,000","2,500,000",Cần mua,,401,Đồ tiêu hao & Phụ kiện,"Khăn spa các loại (trải giường, quấn đầu)",50,"50,000","2,500,000",Cần mua,
,402,Đồ tiêu hao & Phụ kiện,Dép đi trong spa,20,"30,000",,"600,000",Cần mua,,402,Đồ tiêu hao & Phụ kiện,Dép đi trong spa,20,"30,000","600,000",Cần mua,,402,Đồ tiêu hao & Phụ kiện,Dép đi trong spa,20,"30,000","600,000",Cần mua,
,13,Thiết bị điện máy & Văn phòng,Laptop,1,"11,000,000",,"11,000,000",Cần mua,,13,Thiết bị điện máy & Văn phòng,Laptop,1,"11,000,000","11,000,000",Cần mua,,13,Thiết bị điện máy & Văn phòng,Laptop,1,"11,000,000","11,000,000",Cần mua,
,14,Thiết bị điện máy & Văn phòng,Tablet,3,"2,000,000",,"6,000,000",Cần mua,,14,Thiết bị điện máy & Văn phòng,Tablet,3,"2,000,000","6,000,000",Cần mua,,14,Thiết bị điện máy & Văn phòng,Tablet,3,"2,000,000","6,000,000",Cần mua,
,15,Thiết bị điện máy & Văn phòng,Máy lạnh 2.5HP,1,"12,000,000",,"12,000,000",Cần mua,,15,Thiết bị điện máy & Văn phòng,Máy lạnh 2.5HP,1,"12,000,000","12,000,000",Cần mua,,15,Thiết bị điện máy & Văn phòng,Máy lạnh 2.5HP,1,"12,000,000","12,000,000",Cần mua,
,16,Thiết bị điện máy & Văn phòng,Máy lạnh 1.5HP,2,"6,000,000",,"12,000,000",Cần mua,,16,Thiết bị điện máy & Văn phòng,Máy lạnh 1.5HP,2,"6,000,000","12,000,000",Cần mua,,16,Thiết bị điện máy & Văn phòng,Máy lạnh 1.5HP,2,"6,000,000","12,000,000",Cần mua,
,17,Nội thất & Vật tư cơ bản,"Rèm che giường (1 rèm 2.5x2.8m, 1 rèm 1x2.5m)",5,"3,610,000",,"18,050,000",Cần mua,380k/m2,17,Nội thất & Vật tư cơ bản,"Rèm che giường (1 rèm 2.5x2.8m, 1 rèm 1x2.5m)",5,"3,610,000","18,050,000",Cần mua,380k/m2,17,Nội thất & Vật tư cơ bản,"Rèm che giường (1 rèm 2.5x2.8m, 1 rèm 1x2.5m)",5,"3,610,000","18,050,000",Cần mua,380k/m2
,18,Đồ tiêu hao & Phụ kiện,Đồng phục cho khách,50,"250,000",,"12,500,000",Cần mua,,18,Đồ tiêu hao & Phụ kiện,Đồng phục cho khách,50,"250,000","12,500,000",Cần mua,,18,Đồ tiêu hao & Phụ kiện,Đồng phục cho khách,50,"250,000","12,500,000",Cần mua,
,19,Đồ tiêu hao & Phụ kiện,Đồng phục nhân viên,10,"500,000",,"5,000,000",Cần mua,,19,Đồ tiêu hao & Phụ kiện,Đồng phục nhân viên,10,"500,000","5,000,000",Cần mua,,19,Đồ tiêu hao & Phụ kiện,Đồng phục nhân viên,10,"500,000","5,000,000",Cần mua,
,20,Thiết bị điện máy & Văn phòng,Camera wifi,3,"500,000",,"1,500,000",Cần mua,,20,Thiết bị điện máy & Văn phòng,Camera wifi,3,"500,000","1,500,000",Cần mua,,20,Thiết bị điện máy & Văn phòng,Camera wifi,3,"500,000","1,500,000",Cần mua,
,21,Thiết bị điện máy & Văn phòng,Loa âm trần giá rẻ,3,"300,000",,"900,000",Cần mua,,21,Thiết bị điện máy & Văn phòng,Loa âm trần giá rẻ,3,"300,000","900,000",Cần mua,,21,Thiết bị điện máy & Văn phòng,Loa âm trần giá rẻ,3,"300,000","900,000",Cần mua,
,22,Đồ tiêu hao & Phụ kiện,Ly,20,0,,0,Cần mua,,22,Đồ tiêu hao & Phụ kiện,Ly,20,0,0,Cần mua,,22,Đồ tiêu hao & Phụ kiện,Ly,20,0,0,Cần mua,
,23,Đồ tiêu hao & Phụ kiện,Khay dĩa,10,0,,0,Cần mua,,23,Đồ tiêu hao & Phụ kiện,Khay dĩa,10,0,0,Cần mua,,23,Đồ tiêu hao & Phụ kiện,Khay dĩa,10,0,0,Cần mua,
,24,Đồ tiêu hao & Phụ kiện,Máy hấp,1,0,,0,Cần mua,,24,Đồ tiêu hao & Phụ kiện,Máy hấp,1,0,0,Cần mua,,24,Đồ tiêu hao & Phụ kiện,Máy hấp,1,0,0,Cần mua,
,,,Tổng cộng,,,,"309,050,000",,,,,Tổng cộng,,,"309,050,000",,,,,Tổng cộng,,,"309,050,000",,
,,,,,,,,,,,,,,,,,,,,,,,,,
,,,,,,,,,,,,,,,,,,,,,,,,,
,,,,,,,,,,,,,,,,,,,,,,,,,
,,,,,,,,,,,,,,,,,,,,,,,,,
,,,,,,,,,,,,,,,,,,,,,,,,,
,,,,,,,,,,,,,,,,,,,,,,,,,
,,,,,,,,,,,,,,,,,,,,,,,,,
,,,,,,,,,,,,,,,,,,,,,,,,,
,,,,,,,,,,,,,,,,,,,,,,,,,
,,,,,,,,,,,,,,,,,,,,,,,,,
,,,,,,,,,,,,,,,,,,,,,,,,,
,,,,,,,,,,,,,,,,,,,,,,,,,
,,,,,,,,,,,,,,,,,,,,,,,,,
,,,,,,,,,,,,,,,,,,,,,,,,,
,,,,,,,,,,,,,,,,,,,,,,,,,
,,,,,,,,,,,,,,,,,,,,,,,,,
,,,,,,,,,,,,,,,,,,,,,,,,,
,,,,,,,,,,,,,,,,,,,,,,,,,
,,,,,,,,,,,,,,,,,,,,,,,,,
,,,,,,,,,,,,,,,,,,,,,,,,,
,,,,,,,,,,,,,,,,,,,,,,,,,
,,,,,,,,,,,,,,,,,,,,,,,,,
,,,,,,,,,,,,,,,,,,,,,,,,,
,,,,,,,,,,,,,,,,,,,,,,,,,
,STT,Nhóm,Tên vật dụng,Số lượng,Đơn giá dự kiến,,Thành tiền,Trạng thái,Ghi chú,STT,Nhóm,Tên vật dụng,Số lượng,Đơn giá dự kiến,Thành tiền,Trạng thái,Ghi chú,STT,Nhóm,Tên vật dụng,Số lượng,Đơn giá dự kiến,Thành tiền,Trạng thái,Ghi chú
,441,Nội thất & Vật tư cơ bản,Giường spa,5,"6,000,000",,"30,000,000",Cần mua,,441,Nội thất & Vật tư cơ bản,Giường spa,5,"6,000,000","30,000,000",Cần mua,,441,Nội thất & Vật tư cơ bản,Giường spa,5,"6,000,000","30,000,000",Cần mua,
,442,Nội thất & Vật tư cơ bản,Xe đẩy dụng cụ (3 tầng),5,"500,000",,"2,500,000",Cần mua,,442,Nội thất & Vật tư cơ bản,Xe đẩy dụng cụ (3 tầng),5,"500,000","2,500,000",Cần mua,,442,Nội thất & Vật tư cơ bản,Xe đẩy dụng cụ (3 tầng),5,"500,000","2,500,000",Cần mua,
,443,Nội thất & Vật tư cơ bản,Ghế spa cho kỹ thuật viên,5,"300,000",,"1,500,000",Cần mua,,443,Nội thất & Vật tư cơ bản,Ghế spa cho kỹ thuật viên,5,"300,000","1,500,000",Cần mua,,443,Nội thất & Vật tư cơ bản,Ghế spa cho kỹ thuật viên,5,"300,000","1,500,000",Cần mua,
,444,Nội thất & Vật tư cơ bản,Quầy tiếp tân,1,"5,000,000",,"5,000,000",Cần mua,,444,Nội thất & Vật tư cơ bản,Quầy tiếp tân,1,"5,000,000","5,000,000",Cần mua,,444,Nội thất & Vật tư cơ bản,Quầy tiếp tân,1,"5,000,000","5,000,000",Cần mua,
,445,Nội thất & Vật tư cơ bản,Bộ sofa tiếp khách,1,"8,000,000",,"8,000,000",Cần mua,,445,Nội thất & Vật tư cơ bản,Bộ sofa tiếp khách,1,"8,000,000","8,000,000",Cần mua,,445,Nội thất & Vật tư cơ bản,Bộ sofa tiếp khách,1,"8,000,000","8,000,000",Cần mua,
,446,Thiết bị chuyên môn,Máy DDS,3,"20,000,000",,"60,000,000",Cần mua,,446,Thiết bị chuyên môn,Máy DDS,3,"20,000,000","60,000,000",Cần mua,,446,Thiết bị chuyên môn,Máy DDS,3,"20,000,000","60,000,000",Cần mua,
,447,Thiết bị chuyên môn,Máy Bio Max,3,"40,000,000",,"120,000,000",Cần mua,,447,Thiết bị chuyên môn,Máy Bio Max,3,"40,000,000","120,000,000",Cần mua,,447,Thiết bị chuyên môn,Máy Bio Max,3,"40,000,000","120,000,000",Cần mua,
,448,Đồ tiêu hao & Phụ kiện,"Khăn spa các loại (trải giường, quấn đầu)",50,"50,000",,"2,500,000",Cần mua,,448,Đồ tiêu hao & Phụ kiện,"Khăn spa các loại (trải giường, quấn đầu)",50,"50,000","2,500,000",Cần mua,,448,Đồ tiêu hao & Phụ kiện,"Khăn spa các loại (trải giường, quấn đầu)",50,"50,000","2,500,000",Cần mua,
,449,Đồ tiêu hao & Phụ kiện,Dép đi trong spa,20,"30,000",,"600,000",Cần mua,,449,Đồ tiêu hao & Phụ kiện,Dép đi trong spa,20,"30,000","600,000",Cần mua,,449,Đồ tiêu hao & Phụ kiện,Dép đi trong spa,20,"30,000","600,000",Cần mua,
,13,Thiết bị điện máy & Văn phòng,Laptop,1,"11,000,000",,"11,000,000",Cần mua,,13,Thiết bị điện máy & Văn phòng,Laptop,1,"11,000,000","11,000,000",Cần mua,,13,Thiết bị điện máy & Văn phòng,Laptop,1,"11,000,000","11,000,000",Cần mua,
,14,Thiết bị điện máy & Văn phòng,Tablet,3,"2,000,000",,"6,000,000",Cần mua,,14,Thiết bị điện máy & Văn phòng,Tablet,3,"2,000,000","6,000,000",Cần mua,,14,Thiết bị điện máy & Văn phòng,Tablet,3,"2,000,000","6,000,000",Cần mua,
,15,Thiết bị điện máy & Văn phòng,Máy lạnh 2.5HP,1,"12,000,000",,"12,000,000",Cần mua,,15,Thiết bị điện máy & Văn phòng,Máy lạnh 2.5HP,1,"12,000,000","12,000,000",Cần mua,,15,Thiết bị điện máy & Văn phòng,Máy lạnh 2.5HP,1,"12,000,000","12,000,000",Cần mua,
,16,Thiết bị điện máy & Văn phòng,Máy lạnh 1.5HP,2,"6,000,000",,"12,000,000",Cần mua,,16,Thiết bị điện máy & Văn phòng,Máy lạnh 1.5HP,2,"6,000,000","12,000,000",Cần mua,,16,Thiết bị điện máy & Văn phòng,Máy lạnh 1.5HP,2,"6,000,000","12,000,000",Cần mua,
,17,Nội thất & Vật tư cơ bản,"Rèm che giường (1 rèm 2.5x2.8m, 1 rèm 1x2.5m)",5,"3,610,000",,"18,050,000",Cần mua,380k/m2,17,Nội thất & Vật tư cơ bản,"Rèm che giường (1 rèm 2.5x2.8m, 1 rèm 1x2.5m)",5,"3,610,000","18,050,000",Cần mua,380k/m2,17,Nội thất & Vật tư cơ bản,"Rèm che giường (1 rèm 2.5x2.8m, 1 rèm 1x2.5m)",5,"3,610,000","18,050,000",Cần mua,380k/m2
,18,Đồ tiêu hao & Phụ kiện,Đồng phục cho khách,50,"250,000",,"12,500,000",Cần mua,,18,Đồ tiêu hao & Phụ kiện,Đồng phục cho khách,50,"250,000","12,500,000",Cần mua,,18,Đồ tiêu hao & Phụ kiện,Đồng phục cho khách,50,"250,000","12,500,000",Cần mua,
,19,Đồ tiêu hao & Phụ kiện,Đồng phục nhân viên,10,"500,000",,"5,000,000",Cần mua,,19,Đồ tiêu hao & Phụ kiện,Đồng phục nhân viên,10,"500,000","5,000,000",Cần mua,,19,Đồ tiêu hao & Phụ kiện,Đồng phục nhân viên,10,"500,000","5,000,000",Cần mua,
,20,Thiết bị điện máy & Văn phòng,Camera wifi,3,"500,000",,"1,500,000",Cần mua,,20,Thiết bị điện máy & Văn phòng,Camera wifi,3,"500,000","1,500,000",Cần mua,,20,Thiết bị điện máy & Văn phòng,Camera wifi,3,"500,000","1,500,000",Cần mua,
,21,Thiết bị điện máy & Văn phòng,Loa âm trần giá rẻ,3,"300,000",,"900,000",Cần mua,,21,Thiết bị điện máy & Văn phòng,Loa âm trần giá rẻ,3,"300,000","900,000",Cần mua,,21,Thiết bị điện máy & Văn phòng,Loa âm trần giá rẻ,3,"300,000","900,000",Cần mua,
,22,Đồ tiêu hao & Phụ kiện,Ly,20,0,,0,Cần mua,,22,Đồ tiêu hao & Phụ kiện,Ly,20,0,0,Cần mua,,22,Đồ tiêu hao & Phụ kiện,Ly,20,0,0,Cần mua,
,23,Đồ tiêu hao & Phụ kiện,Khay dĩa,10,0,,0,Cần mua,,23,Đồ tiêu hao & Phụ kiện,Khay dĩa,10,0,0,Cần mua,,23,Đồ tiêu hao & Phụ kiện,Khay dĩa,10,0,0,Cần mua,
,24,Đồ tiêu hao & Phụ kiện,Máy hấp,1,0,,0,Cần mua,,24,Đồ tiêu hao & Phụ kiện,Máy hấp,1,0,0,Cần mua,,24,Đồ tiêu hao & Phụ kiện,Máy hấp,1,0,0,Cần mua,
,,,Tổng cộng,,,,"309,050,000",,,,,Tổng cộng,,,"309,050,000",,,,,Tổng cộng,,,"309,050,000",,
,,,,,,,,,,,,,,,,,,,,,,,,,
,,,,,,,,,,,,,,,,,,,,,,,,,
,,,,,,,,,,,,,,,,,,,,,,,,,
,,,,,,,,,,,,,,,,,,,,,,,,,
,,,,,,,,,,,,,,,,,,,,,,,,,
,,,,,,,,,,,,,,,,,,,,,,,,,
,,,,,,,,,,,,,,,,,,,,,,,,,
,,,,,,,,,,,,,,,,,,,,,,,,,
,,,,,,,,,,,,,,,,,,,,,,,,,
,,,,,,,,,,,,,,,,,,,,,,,,,
,,,,,,,,,,,,,,,,,,,,,,,,,
,,,,,,,,,,,,,,,,,,,,,,,,,
,,,,,,,,,,,,,,,,,,,,,,,,,
,,,,,,,,,,,,,,,,,,,,,,,,,
,,,,,,,,,,,,,,,,,,,,,,,,,
,,,,,,,,,,,,,,,,,,,,,,,,,
,,,,,,,,,,,,,,,,,,,,,,,,,
,,,,,,,,,,,,,,,,,,,,,,,,,
,,,,,,,,,,,,,,,,,,,,,,,,,
,,,,,,,,,,,,,,,,,,,,,,,,,
,,,,,,,,,,,,,,,,,,,,,,,,,
,,,,,,,,,,,,,,,,,,,,,,,,,
,,,,,,,,,,,,,,,,,,,,,,,,,
,,,,,,,,,,,,,,,,,,,,,,,,,
,STT,Nhóm,Tên vật dụng,Số lượng,Đơn giá dự kiến,,Thành tiền,Trạng thái,Ghi chú,STT,Nhóm,Tên vật dụng,Số lượng,Đơn giá dự kiến,Thành tiền,Trạng thái,Ghi chú,STT,Nhóm,Tên vật dụng,Số lượng,Đơn giá dự kiến,Thành tiền,Trạng thái,Ghi chú
,488,Nội thất & Vật tư cơ bản,Giường spa,5,"6,000,000",,"30,000,000",Cần mua,,488,Nội thất & Vật tư cơ bản,Giường spa,5,"6,000,000","30,000,000",Cần mua,,488,Nội thất & Vật tư cơ bản,Giường spa,5,"6,000,000","30,000,000",Cần mua,
,489,Nội thất & Vật tư cơ bản,Xe đẩy dụng cụ (3 tầng),5,"500,000",,"2,500,000",Cần mua,,489,Nội thất & Vật tư cơ bản,Xe đẩy dụng cụ (3 tầng),5,"500,000","2,500,000",Cần mua,,489,Nội thất & Vật tư cơ bản,Xe đẩy dụng cụ (3 tầng),5,"500,000","2,500,000",Cần mua,
,490,Nội thất & Vật tư cơ bản,Ghế spa cho kỹ thuật viên,5,"300,000",,"1,500,000",Cần mua,,490,Nội thất & Vật tư cơ bản,Ghế spa cho kỹ thuật viên,5,"300,000","1,500,000",Cần mua,,490,Nội thất & Vật tư cơ bản,Ghế spa cho kỹ thuật viên,5,"300,000","1,500,000",Cần mua,
,491,Nội thất & Vật tư cơ bản,Quầy tiếp tân,1,"5,000,000",,"5,000,000",Cần mua,,491,Nội thất & Vật tư cơ bản,Quầy tiếp tân,1,"5,000,000","5,000,000",Cần mua,,491,Nội thất & Vật tư cơ bản,Quầy tiếp tân,1,"5,000,000","5,000,000",Cần mua,
,492,Nội thất & Vật tư cơ bản,Bộ sofa tiếp khách,1,"8,000,000",,"8,000,000",Cần mua,,492,Nội thất & Vật tư cơ bản,Bộ sofa tiếp khách,1,"8,000,000","8,000,000",Cần mua,,492,Nội thất & Vật tư cơ bản,Bộ sofa tiếp khách,1,"8,000,000","8,000,000",Cần mua,
,493,Thiết bị chuyên môn,Máy DDS,3,"20,000,000",,"60,000,000",Cần mua,,493,Thiết bị chuyên môn,Máy DDS,3,"20,000,000","60,000,000",Cần mua,,493,Thiết bị chuyên môn,Máy DDS,3,"20,000,000","60,000,000",Cần mua,
,494,Thiết bị chuyên môn,Máy Bio Max,3,"40,000,000",,"120,000,000",Cần mua,,494,Thiết bị chuyên môn,Máy Bio Max,3,"40,000,000","120,000,000",Cần mua,,494,Thiết bị chuyên môn,Máy Bio Max,3,"40,000,000","120,000,000",Cần mua,
,495,Đồ tiêu hao & Phụ kiện,"Khăn spa các loại (trải giường, quấn đầu)",50,"50,000",,"2,500,000",Cần mua,,495,Đồ tiêu hao & Phụ kiện,"Khăn spa các loại (trải giường, quấn đầu)",50,"50,000","2,500,000",Cần mua,,495,Đồ tiêu hao & Phụ kiện,"Khăn spa các loại (trải giường, quấn đầu)",50,"50,000","2,500,000",Cần mua,
,496,Đồ tiêu hao & Phụ kiện,Dép đi trong spa,20,"30,000",,"600,000",Cần mua,,496,Đồ tiêu hao & Phụ kiện,Dép đi trong spa,20,"30,000","600,000",Cần mua,,496,Đồ tiêu hao & Phụ kiện,Dép đi trong spa,20,"30,000","600,000",Cần mua,
,13,Thiết bị điện máy & Văn phòng,Laptop,1,"11,000,000",,"11,000,000",Cần mua,,13,Thiết bị điện máy & Văn phòng,Laptop,1,"11,000,000","11,000,000",Cần mua,,13,Thiết bị điện máy & Văn phòng,Laptop,1,"11,000,000","11,000,000",Cần mua,
,14,Thiết bị điện máy & Văn phòng,Tablet,3,"2,000,000",,"6,000,000",Cần mua,,14,Thiết bị điện máy & Văn phòng,Tablet,3,"2,000,000","6,000,000",Cần mua,,14,Thiết bị điện máy & Văn phòng,Tablet,3,"2,000,000","6,000,000",Cần mua,
,15,Thiết bị điện máy & Văn phòng,Máy lạnh 2.5HP,1,"12,000,000",,"12,000,000",Cần mua,,15,Thiết bị điện máy & Văn phòng,Máy lạnh 2.5HP,1,"12,000,000","12,000,000",Cần mua,,15,Thiết bị điện máy & Văn phòng,Máy lạnh 2.5HP,1,"12,000,000","12,000,000",Cần mua,
,16,Thiết bị điện máy & Văn phòng,Máy lạnh 1.5HP,2,"6,000,000",,"12,000,000",Cần mua,,16,Thiết bị điện máy & Văn phòng,Máy lạnh 1.5HP,2,"6,000,000","12,000,000",Cần mua,,16,Thiết bị điện máy & Văn phòng,Máy lạnh 1.5HP,2,"6,000,000","12,000,000",Cần mua,
,17,Nội thất & Vật tư cơ bản,"Rèm che giường (1 rèm 2.5x2.8m, 1 rèm 1x2.5m)",5,"3,610,000",,"18,050,000",Cần mua,380k/m2,17,Nội thất & Vật tư cơ bản,"Rèm che giường (1 rèm 2.5x2.8m, 1 rèm 1x2.5m)",5,"3,610,000","18,050,000",Cần mua,380k/m2,17,Nội thất & Vật tư cơ bản,"Rèm che giường (1 rèm 2.5x2.8m, 1 rèm 1x2.5m)",5,"3,610,000","18,050,000",Cần mua,380k/m2
,18,Đồ tiêu hao & Phụ kiện,Đồng phục cho khách,50,"250,000",,"12,500,000",Cần mua,,18,Đồ tiêu hao & Phụ kiện,Đồng phục cho khách,50,"250,000","12,500,000",Cần mua,,18,Đồ tiêu hao & Phụ kiện,Đồng phục cho khách,50,"250,000","12,500,000",Cần mua,
,19,Đồ tiêu hao & Phụ kiện,Đồng phục nhân viên,10,"500,000",,"5,000,000",Cần mua,,19,Đồ tiêu hao & Phụ kiện,Đồng phục nhân viên,10,"500,000","5,000,000",Cần mua,,19,Đồ tiêu hao & Phụ kiện,Đồng phục nhân viên,10,"500,000","5,000,000",Cần mua,
,20,Thiết bị điện máy & Văn phòng,Camera wifi,3,"500,000",,"1,500,000",Cần mua,,20,Thiết bị điện máy & Văn phòng,Camera wifi,3,"500,000","1,500,000",Cần mua,,20,Thiết bị điện máy & Văn phòng,Camera wifi,3,"500,000","1,500,000",Cần mua,
,21,Thiết bị điện máy & Văn phòng,Loa âm trần giá rẻ,3,"300,000",,"900,000",Cần mua,,21,Thiết bị điện máy & Văn phòng,Loa âm trần giá rẻ,3,"300,000","900,000",Cần mua,,21,Thiết bị điện máy & Văn phòng,Loa âm trần giá rẻ,3,"300,000","900,000",Cần mua,
,22,Đồ tiêu hao & Phụ kiện,Ly,20,0,,0,Cần mua,,22,Đồ tiêu hao & Phụ kiện,Ly,20,0,0,Cần mua,,22,Đồ tiêu hao & Phụ kiện,Ly,20,0,0,Cần mua,
,23,Đồ tiêu hao & Phụ kiện,Khay dĩa,10,0,,0,Cần mua,,23,Đồ tiêu hao & Phụ kiện,Khay dĩa,10,0,0,Cần mua,,23,Đồ tiêu hao & Phụ kiện,Khay dĩa,10,0,0,Cần mua,
,24,Đồ tiêu hao & Phụ kiện,Máy hấp,1,0,,0,Cần mua,,24,Đồ tiêu hao & Phụ kiện,Máy hấp,1,0,0,Cần mua,,24,Đồ tiêu hao & Phụ kiện,Máy hấp,1,0,0,Cần mua,
,,,Tổng cộng,,,,"309,050,000",,,,,Tổng cộng,,,"309,050,000",,,,,Tổng cộng,,,"309,050,000",,
,,,,,,,,,,,,,,,,,,,,,,,,,
,,,,,,,,,,,,,,,,,,,,,,,,,
,,,,,,,,,,,,,,,,,,,,,,,,,
,,,,,,,,,,,,,,,,,,,,,,,,,
,,,,,,,,,,,,,,,,,,,,,,,,,
,,,,,,,,,,,,,,,,,,,,,,,,,
,,,,,,,,,,,,,,,,,,,,,,,,,
,,,,,,,,,,,,,,,,,,,,,,,,,
,,,,,,,,,,,,,,,,,,,,,,,,,
,,,,,,,,,,,,,,,,,,,,,,,,,
,,,,,,,,,,,,,,,,,,,,,,,,,
,,,,,,,,,,,,,,,,,,,,,,,,,
,,,,,,,,,,,,,,,,,,,,,,,,,
,,,,,,,,,,,,,,,,,,,,,,,,,
,,,,,,,,,,,,,,,,,,,,,,,,,
,,,,,,,,,,,,,,,,,,,,,,,,,
,,,,,,,,,,,,,,,,,,,,,,,,,
,,,,,,,,,,,,,,,,,,,,,,,,,
,,,,,,,,,,,,,,,,,,,,,,,,,
,,,,,,,,,,,,,,,,,,,,,,,,,
,,,,,,,,,,,,,,,,,,,,,,,,,
,,,,,,,,,,,,,,,,,,,,,,,,,
,,,,,,,,,,,,,,,,,,,,,,,,,
,,,,,,,,,,,,,,,,,,,,,,,,,
,STT,Nhóm,Tên vật dụng,Số lượng,Đơn giá dự kiến,,Thành tiền,Trạng thái,Ghi chú,STT,Nhóm,Tên vật dụng,Số lượng,Đơn giá dự kiến,Thành tiền,Trạng thái,Ghi chú,STT,Nhóm,Tên vật dụng,Số lượng,Đơn giá dự kiến,Thành tiền,Trạng thái,Ghi chú
,535,Nội thất & Vật tư cơ bản,Giường spa,5,"6,000,000",,"30,000,000",Cần mua,,535,Nội thất & Vật tư cơ bản,Giường spa,5,"6,000,000","30,000,000",Cần mua,,535,Nội thất & Vật tư cơ bản,Giường spa,5,"6,000,000","30,000,000",Cần mua,
,536,Nội thất & Vật tư cơ bản,Xe đẩy dụng cụ (3 tầng),5,"500,000",,"2,500,000",Cần mua,,536,Nội thất & Vật tư cơ bản,Xe đẩy dụng cụ (3 tầng),5,"500,000","2,500,000",Cần mua,,536,Nội thất & Vật tư cơ bản,Xe đẩy dụng cụ (3 tầng),5,"500,000","2,500,000",Cần mua,
,537,Nội thất & Vật tư cơ bản,Ghế spa cho kỹ thuật viên,5,"300,000",,"1,500,000",Cần mua,,537,Nội thất & Vật tư cơ bản,Ghế spa cho kỹ thuật viên,5,"300,000","1,500,000",Cần mua,,537,Nội thất & Vật tư cơ bản,Ghế spa cho kỹ thuật viên,5,"300,000","1,500,000",Cần mua,
,538,Nội thất & Vật tư cơ bản,Quầy tiếp tân,1,"5,000,000",,"5,000,000",Cần mua,,538,Nội thất & Vật tư cơ bản,Quầy tiếp tân,1,"5,000,000","5,000,000",Cần mua,,538,Nội thất & Vật tư cơ bản,Quầy tiếp tân,1,"5,000,000","5,000,000",Cần mua,
,539,Nội thất & Vật tư cơ bản,Bộ sofa tiếp khách,1,"8,000,000",,"8,000,000",Cần mua,,539,Nội thất & Vật tư cơ bản,Bộ sofa tiếp khách,1,"8,000,000","8,000,000",Cần mua,,539,Nội thất & Vật tư cơ bản,Bộ sofa tiếp khách,1,"8,000,000","8,000,000",Cần mua,
,540,Thiết bị chuyên môn,Máy DDS,3,"20,000,000",,"60,000,000",Cần mua,,540,Thiết bị chuyên môn,Máy DDS,3,"20,000,000","60,000,000",Cần mua,,540,Thiết bị chuyên môn,Máy DDS,3,"20,000,000","60,000,000",Cần mua,
,541,Thiết bị chuyên môn,Máy Bio Max,3,"40,000,000",,"120,000,000",Cần mua,,541,Thiết bị chuyên môn,Máy Bio Max,3,"40,000,000","120,000,000",Cần mua,,541,Thiết bị chuyên môn,Máy Bio Max,3,"40,000,000","120,000,000",Cần mua,
,542,Đồ tiêu hao & Phụ kiện,"Khăn spa các loại (trải giường, quấn đầu)",50,"50,000",,"2,500,000",Cần mua,,542,Đồ tiêu hao & Phụ kiện,"Khăn spa các loại (trải giường, quấn đầu)",50,"50,000","2,500,000",Cần mua,,542,Đồ tiêu hao & Phụ kiện,"Khăn spa các loại (trải giường, quấn đầu)",50,"50,000","2,500,000",Cần mua,
,543,Đồ tiêu hao & Phụ kiện,Dép đi trong spa,20,"30,000",,"600,000",Cần mua,,543,Đồ tiêu hao & Phụ kiện,Dép đi trong spa,20,"30,000","600,000",Cần mua,,543,Đồ tiêu hao & Phụ kiện,Dép đi trong spa,20,"30,000","600,000",Cần mua,
,13,Thiết bị điện máy & Văn phòng,Laptop,1,"11,000,000",,"11,000,000",Cần mua,,13,Thiết bị điện máy & Văn phòng,Laptop,1,"11,000,000","11,000,000",Cần mua,,13,Thiết bị điện máy & Văn phòng,Laptop,1,"11,000,000","11,000,000",Cần mua,
,14,Thiết bị điện máy & Văn phòng,Tablet,3,"2,000,000",,"6,000,000",Cần mua,,14,Thiết bị điện máy & Văn phòng,Tablet,3,"2,000,000","6,000,000",Cần mua,,14,Thiết bị điện máy & Văn phòng,Tablet,3,"2,000,000","6,000,000",Cần mua,
,15,Thiết bị điện máy & Văn phòng,Máy lạnh 2.5HP,1,"12,000,000",,"12,000,000",Cần mua,,15,Thiết bị điện máy & Văn phòng,Máy lạnh 2.5HP,1,"12,000,000","12,000,000",Cần mua,,15,Thiết bị điện máy & Văn phòng,Máy lạnh 2.5HP,1,"12,000,000","12,000,000",Cần mua,
,16,Thiết bị điện máy & Văn phòng,Máy lạnh 1.5HP,2,"6,000,000",,"12,000,000",Cần mua,,16,Thiết bị điện máy & Văn phòng,Máy lạnh 1.5HP,2,"6,000,000","12,000,000",Cần mua,,16,Thiết bị điện máy & Văn phòng,Máy lạnh 1.5HP,2,"6,000,000","12,000,000",Cần mua,
,17,Nội thất & Vật tư cơ bản,"Rèm che giường (1 rèm 2.5x2.8m, 1 rèm 1x2.5m)",5,"3,610,000",,"18,050,000",Cần mua,380k/m2,17,Nội thất & Vật tư cơ bản,"Rèm che giường (1 rèm 2.5x2.8m, 1 rèm 1x2.5m)",5,"3,610,000","18,050,000",Cần mua,380k/m2,17,Nội thất & Vật tư cơ bản,"Rèm che giường (1 rèm 2.5x2.8m, 1 rèm 1x2.5m)",5,"3,610,000","18,050,000",Cần mua,380k/m2
,18,Đồ tiêu hao & Phụ kiện,Đồng phục cho khách,50,"250,000",,"12,500,000",Cần mua,,18,Đồ tiêu hao & Phụ kiện,Đồng phục cho khách,50,"250,000","12,500,000",Cần mua,,18,Đồ tiêu hao & Phụ kiện,Đồng phục cho khách,50,"250,000","12,500,000",Cần mua,
,19,Đồ tiêu hao & Phụ kiện,Đồng phục nhân viên,10,"500,000",,"5,000,000",Cần mua,,19,Đồ tiêu hao & Phụ kiện,Đồng phục nhân viên,10,"500,000","5,000,000",Cần mua,,19,Đồ tiêu hao & Phụ kiện,Đồng phục nhân viên,10,"500,000","5,000,000",Cần mua,
,20,Thiết bị điện máy & Văn phòng,Camera wifi,3,"500,000",,"1,500,000",Cần mua,,20,Thiết bị điện máy & Văn phòng,Camera wifi,3,"500,000","1,500,000",Cần mua,,20,Thiết bị điện máy & Văn phòng,Camera wifi,3,"500,000","1,500,000",Cần mua,
,21,Thiết bị điện máy & Văn phòng,Loa âm trần giá rẻ,3,"300,000",,"900,000",Cần mua,,21,Thiết bị điện máy & Văn phòng,Loa âm trần giá rẻ,3,"300,000","900,000",Cần mua,,21,Thiết bị điện máy & Văn phòng,Loa âm trần giá rẻ,3,"300,000","900,000",Cần mua,
,22,Đồ tiêu hao & Phụ kiện,Ly,20,0,,0,Cần mua,,22,Đồ tiêu hao & Phụ kiện,Ly,20,0,0,Cần mua,,22,Đồ tiêu hao & Phụ kiện,Ly,20,0,0,Cần mua,
,23,Đồ tiêu hao & Phụ kiện,Khay dĩa,10,0,,0,Cần mua,,23,Đồ tiêu hao & Phụ kiện,Khay dĩa,10,0,0,Cần mua,,23,Đồ tiêu hao & Phụ kiện,Khay dĩa,10,0,0,Cần mua,
,24,Đồ tiêu hao & Phụ kiện,Máy hấp,1,0,,0,Cần mua,,24,Đồ tiêu hao & Phụ kiện,Máy hấp,1,0,0,Cần mua,,24,Đồ tiêu hao & Phụ kiện,Máy hấp,1,0,0,Cần mua,
,,,Tổng cộng,,,,"309,050,000",,,,,Tổng cộng,,,"309,050,000",,,,,Tổng cộng,,,"309,050,000",,
,,,,,,,,,,,,,,,,,,,,,,,,,
,,,,,,,,,,,,,,,,,,,,,,,,,
,,,,,,,,,,,,,,,,,,,,,,,,,
,,,,,,,,,,,,,,,,,,,,,,,,,
,,,,,,,,,,,,,,,,,,,,,,,,,
,,,,,,,,,,,,,,,,,,,,,,,,,
,,,,,,,,,,,,,,,,,,,,,,,,,
,,,,,,,,,,,,,,,,,,,,,,,,,
,,,,,,,,,,,,,,,,,,,,,,,,,
,,,,,,,,,,,,,,,,,,,,,,,,,
,,,,,,,,,,,,,,,,,,,,,,,,,
,,,,,,,,,,,,,,,,,,,,,,,,,
,,,,,,,,,,,,,,,,,,,,,,,,,
,,,,,,,,,,,,,,,,,,,,,,,,,
,,,,,,,,,,,,,,,,,,,,,,,,,
,,,,,,,,,,,,,,,,,,,,,,,,,
,,,,,,,,,,,,,,,,,,,,,,,,,
,,,,,,,,,,,,,,,,,,,,,,,,,
,,,,,,,,,,,,,,,,,,,,,,,,,
,,,,,,,,,,,,,,,,,,,,,,,,,
,,,,,,,,,,,,,,,,,,,,,,,,,
,,,,,,,,,,,,,,,,,,,,,,,,,
,,,,,,,,,,,,,,,,,,,,,,,,,
,,,,,,,,,,,,,,,,,,,,,,,,,
,STT,Nhóm,Tên vật dụng,Số lượng,Đơn giá dự kiến,,Thành tiền,Trạng thái,Ghi chú,STT,Nhóm,Tên vật dụng,Số lượng,Đơn giá dự kiến,Thành tiền,Trạng thái,Ghi chú,STT,Nhóm,Tên vật dụng,Số lượng,Đơn giá dự kiến,Thành tiền,Trạng thái,Ghi chú
,582,Nội thất & Vật tư cơ bản,Giường spa,5,"6,000,000",,"30,000,000",Cần mua,,582,Nội thất & Vật tư cơ bản,Giường spa,5,"6,000,000","30,000,000",Cần mua,,582,Nội thất & Vật tư cơ bản,Giường spa,5,"6,000,000","30,000,000",Cần mua,
,583,Nội thất & Vật tư cơ bản,Xe đẩy dụng cụ (3 tầng),5,"500,000",,"2,500,000",Cần mua,,583,Nội thất & Vật tư cơ bản,Xe đẩy dụng cụ (3 tầng),5,"500,000","2,500,000",Cần mua,,583,Nội thất & Vật tư cơ bản,Xe đẩy dụng cụ (3 tầng),5,"500,000","2,500,000",Cần mua,
,584,Nội thất & Vật tư cơ bản,Ghế spa cho kỹ thuật viên,5,"300,000",,"1,500,000",Cần mua,,584,Nội thất & Vật tư cơ bản,Ghế spa cho kỹ thuật viên,5,"300,000","1,500,000",Cần mua,,584,Nội thất & Vật tư cơ bản,Ghế spa cho kỹ thuật viên,5,"300,000","1,500,000",Cần mua,
,585,Nội thất & Vật tư cơ bản,Quầy tiếp tân,1,"5,000,000",,"5,000,000",Cần mua,,585,Nội thất & Vật tư cơ bản,Quầy tiếp tân,1,"5,000,000","5,000,000",Cần mua,,585,Nội thất & Vật tư cơ bản,Quầy tiếp tân,1,"5,000,000","5,000,000",Cần mua,
,586,Nội thất & Vật tư cơ bản,Bộ sofa tiếp khách,1,"8,000,000",,"8,000,000",Cần mua,,586,Nội thất & Vật tư cơ bản,Bộ sofa tiếp khách,1,"8,000,000","8,000,000",Cần mua,,586,Nội thất & Vật tư cơ bản,Bộ sofa tiếp khách,1,"8,000,000","8,000,000",Cần mua,
,587,Thiết bị chuyên môn,Máy DDS,3,"20,000,000",,"60,000,000",Cần mua,,587,Thiết bị chuyên môn,Máy DDS,3,"20,000,000","60,000,000",Cần mua,,587,Thiết bị chuyên môn,Máy DDS,3,"20,000,000","60,000,000",Cần mua,
,588,Thiết bị chuyên môn,Máy Bio Max,3,"40,000,000",,"120,000,000",Cần mua,,588,Thiết bị chuyên môn,Máy Bio Max,3,"40,000,000","120,000,000",Cần mua,,588,Thiết bị chuyên môn,Máy Bio Max,3,"40,000,000","120,000,000",Cần mua,
,589,Đồ tiêu hao & Phụ kiện,"Khăn spa các loại (trải giường, quấn đầu)",50,"50,000",,"2,500,000",Cần mua,,589,Đồ tiêu hao & Phụ kiện,"Khăn spa các loại (trải giường, quấn đầu)",50,"50,000","2,500,000",Cần mua,,589,Đồ tiêu hao & Phụ kiện,"Khăn spa các loại (trải giường, quấn đầu)",50,"50,000","2,500,000",Cần mua,
,590,Đồ tiêu hao & Phụ kiện,Dép đi trong spa,20,"30,000",,"600,000",Cần mua,,590,Đồ tiêu hao & Phụ kiện,Dép đi trong spa,20,"30,000","600,000",Cần mua,,590,Đồ tiêu hao & Phụ kiện,Dép đi trong spa,20,"30,000","600,000",Cần mua,
,13,Thiết bị điện máy & Văn phòng,Laptop,1,"11,000,000",,"11,000,000",Cần mua,,13,Thiết bị điện máy & Văn phòng,Laptop,1,"11,000,000","11,000,000",Cần mua,,13,Thiết bị điện máy & Văn phòng,Laptop,1,"11,000,000","11,000,000",Cần mua,
,14,Thiết bị điện máy & Văn phòng,Tablet,3,"2,000,000",,"6,000,000",Cần mua,,14,Thiết bị điện máy & Văn phòng,Tablet,3,"2,000,000","6,000,000",Cần mua,,14,Thiết bị điện máy & Văn phòng,Tablet,3,"2,000,000","6,000,000",Cần mua,
,15,Thiết bị điện máy & Văn phòng,Máy lạnh 2.5HP,1,"12,000,000",,"12,000,000",Cần mua,,15,Thiết bị điện máy & Văn phòng,Máy lạnh 2.5HP,1,"12,000,000","12,000,000",Cần mua,,15,Thiết bị điện máy & Văn phòng,Máy lạnh 2.5HP,1,"12,000,000","12,000,000",Cần mua,
,16,Thiết bị điện máy & Văn phòng,Máy lạnh 1.5HP,2,"6,000,000",,"12,000,000",Cần mua,,16,Thiết bị điện máy & Văn phòng,Máy lạnh 1.5HP,2,"6,000,000","12,000,000",Cần mua,,16,Thiết bị điện máy & Văn phòng,Máy lạnh 1.5HP,2,"6,000,000","12,000,000",Cần mua,
,17,Nội thất & Vật tư cơ bản,"Rèm che giường (1 rèm 2.5x2.8m, 1 rèm 1x2.5m)",5,"3,610,000",,"18,050,000",Cần mua,380k/m2,17,Nội thất & Vật tư cơ bản,"Rèm che giường (1 rèm 2.5x2.8m, 1 rèm 1x2.5m)",5,"3,610,000","18,050,000",Cần mua,380k/m2,17,Nội thất & Vật tư cơ bản,"Rèm che giường (1 rèm 2.5x2.8m, 1 rèm 1x2.5m)",5,"3,610,000","18,050,000",Cần mua,380k/m2
,18,Đồ tiêu hao & Phụ kiện,Đồng phục cho khách,50,"250,000",,"12,500,000",Cần mua,,18,Đồ tiêu hao & Phụ kiện,Đồng phục cho khách,50,"250,000","12,500,000",Cần mua,,18,Đồ tiêu hao & Phụ kiện,Đồng phục cho khách,50,"250,000","12,500,000",Cần mua,
,19,Đồ tiêu hao & Phụ kiện,Đồng phục nhân viên,10,"500,000",,"5,000,000",Cần mua,,19,Đồ tiêu hao & Phụ kiện,Đồng phục nhân viên,10,"500,000","5,000,000",Cần mua,,19,Đồ tiêu hao & Phụ kiện,Đồng phục nhân viên,10,"500,000","5,000,000",Cần mua,
,20,Thiết bị điện máy & Văn phòng,Camera wifi,3,"500,000",,"1,500,000",Cần mua,,20,Thiết bị điện máy & Văn phòng,Camera wifi,3,"500,000","1,500,000",Cần mua,,20,Thiết bị điện máy & Văn phòng,Camera wifi,3,"500,000","1,500,000",Cần mua,
,21,Thiết bị điện máy & Văn phòng,Loa âm trần giá rẻ,3,"300,000",,"900,000",Cần mua,,21,Thiết bị điện máy & Văn phòng,Loa âm trần giá rẻ,3,"300,000","900,000",Cần mua,,21,Thiết bị điện máy & Văn phòng,Loa âm trần giá rẻ,3,"300,000","900,000",Cần mua,
,22,Đồ tiêu hao & Phụ kiện,Ly,20,0,,0,Cần mua,,22,Đồ tiêu hao & Phụ kiện,Ly,20,0,0,Cần mua,,22,Đồ tiêu hao & Phụ kiện,Ly,20,0,0,Cần mua,
,23,Đồ tiêu hao & Phụ kiện,Khay dĩa,10,0,,0,Cần mua,,23,Đồ tiêu hao & Phụ kiện,Khay dĩa,10,0,0,Cần mua,,23,Đồ tiêu hao & Phụ kiện,Khay dĩa,10,0,0,Cần mua,
,24,Đồ tiêu hao & Phụ kiện,Máy hấp,1,0,,0,Cần mua,,24,Đồ tiêu hao & Phụ kiện,Máy hấp,1,0,0,Cần mua,,24,Đồ tiêu hao & Phụ kiện,Máy hấp,1,0,0,Cần mua,
,,,Tổng cộng,,,,"309,050,000",,,,,Tổng cộng,,,"309,050,000",,,,,Tổng cộng,,,"309,050,000",,
,,,,,,,,,,,,,,,,,,,,,,,,,
,,,,,,,,,,,,,,,,,,,,,,,,,
,,,,,,,,,,,,,,,,,,,,,,,,,
,,,,,,,,,,,,,,,,,,,,,,,,,
,,,,,,,,,,,,,,,,,,,,,,,,,
,,,,,,,,,,,,,,,,,,,,,,,,,
,,,,,,,,,,,,,,,,,,,,,,,,,
,,,,,,,,,,,,,,,,,,,,,,,,,
,,,,,,,,,,,,,,,,,,,,,,,,,
,,,,,,,,,,,,,,,,,,,,,,,,,
,,,,,,,,,,,,,,,,,,,,,,,,,
,,,,,,,,,,,,,,,,,,,,,,,,,
,,,,,,,,,,,,,,,,,,,,,,,,,
,,,,,,,,,,,,,,,,,,,,,,,,,
,,,,,,,,,,,,,,,,,,,,,,,,,
,,,,,,,,,,,,,,,,,,,,,,,,,
,,,,,,,,,,,,,,,,,,,,,,,,,
,,,,,,,,,,,,,,,,,,,,,,,,,
,,,,,,,,,,,,,,,,,,,,,,,,,
,,,,,,,,,,,,,,,,,,,,,,,,,
,,,,,,,,,,,,,,,,,,,,,,,,,
,,,,,,,,,,,,,,,,,,,,,,,,,
,,,,,,,,,,,,,,,,,,,,,,,,,
,,,,,,,,,,,,,,,,,,,,,,,,,
,STT,Nhóm,Tên vật dụng,Số lượng,Đơn giá dự kiến,,Thành tiền,Trạng thái,Ghi chú,STT,Nhóm,Tên vật dụng,Số lượng,Đơn giá dự kiến,Thành tiền,Trạng thái,Ghi chú,STT,Nhóm,Tên vật dụng,Số lượng,Đơn giá dự kiến,Thành tiền,Trạng thái,Ghi chú
,629,Nội thất & Vật tư cơ bản,Giường spa,5,"6,000,000",,"30,000,000",Cần mua,,629,Nội thất & Vật tư cơ bản,Giường spa,5,"6,000,000","30,000,000",Cần mua,,629,Nội thất & Vật tư cơ bản,Giường spa,5,"6,000,000","30,000,000",Cần mua,
,630,Nội thất & Vật tư cơ bản,Xe đẩy dụng cụ (3 tầng),5,"500,000",,"2,500,000",Cần mua,,630,Nội thất & Vật tư cơ bản,Xe đẩy dụng cụ (3 tầng),5,"500,000","2,500,000",Cần mua,,630,Nội thất & Vật tư cơ bản,Xe đẩy dụng cụ (3 tầng),5,"500,000","2,500,000",Cần mua,
,631,Nội thất & Vật tư cơ bản,Ghế spa cho kỹ thuật viên,5,"300,000",,"1,500,000",Cần mua,,631,Nội thất & Vật tư cơ bản,Ghế spa cho kỹ thuật viên,5,"300,000","1,500,000",Cần mua,,631,Nội thất & Vật tư cơ bản,Ghế spa cho kỹ thuật viên,5,"300,000","1,500,000",Cần mua,
,632,Nội thất & Vật tư cơ bản,Quầy tiếp tân,1,"5,000,000",,"5,000,000",Cần mua,,632,Nội thất & Vật tư cơ bản,Quầy tiếp tân,1,"5,000,000","5,000,000",Cần mua,,632,Nội thất & Vật tư cơ bản,Quầy tiếp tân,1,"5,000,000","5,000,000",Cần mua,
,633,Nội thất & Vật tư cơ bản,Bộ sofa tiếp khách,1,"8,000,000",,"8,000,000",Cần mua,,633,Nội thất & Vật tư cơ bản,Bộ sofa tiếp khách,1,"8,000,000","8,000,000",Cần mua,,633,Nội thất & Vật tư cơ bản,Bộ sofa tiếp khách,1,"8,000,000","8,000,000",Cần mua,
,634,Thiết bị chuyên môn,Máy DDS,3,"20,000,000",,"60,000,000",Cần mua,,634,Thiết bị chuyên môn,Máy DDS,3,"20,000,000","60,000,000",Cần mua,,634,Thiết bị chuyên môn,Máy DDS,3,"20,000,000","60,000,000",Cần mua,
,635,Thiết bị chuyên môn,Máy Bio Max,3,"40,000,000",,"120,000,000",Cần mua,,635,Thiết bị chuyên môn,Máy Bio Max,3,"40,000,000","120,000,000",Cần mua,,635,Thiết bị chuyên môn,Máy Bio Max,3,"40,000,000","120,000,000",Cần mua,
,636,Đồ tiêu hao & Phụ kiện,"Khăn spa các loại (trải giường, quấn đầu)",50,"50,000",,"2,500,000",Cần mua,,636,Đồ tiêu hao & Phụ kiện,"Khăn spa các loại (trải giường, quấn đầu)",50,"50,000","2,500,000",Cần mua,,636,Đồ tiêu hao & Phụ kiện,"Khăn spa các loại (trải giường, quấn đầu)",50,"50,000","2,500,000",Cần mua,
,637,Đồ tiêu hao & Phụ kiện,Dép đi trong spa,20,"30,000",,"600,000",Cần mua,,637,Đồ tiêu hao & Phụ kiện,Dép đi trong spa,20,"30,000","600,000",Cần mua,,637,Đồ tiêu hao & Phụ kiện,Dép đi trong spa,20,"30,000","600,000",Cần mua,
,13,Thiết bị điện máy & Văn phòng,Laptop,1,"11,000,000",,"11,000,000",Cần mua,,13,Thiết bị điện máy & Văn phòng,Laptop,1,"11,000,000","11,000,000",Cần mua,,13,Thiết bị điện máy & Văn phòng,Laptop,1,"11,000,000","11,000,000",Cần mua,
,14,Thiết bị điện máy & Văn phòng,Tablet,3,"2,000,000",,"6,000,000",Cần mua,,14,Thiết bị điện máy & Văn phòng,Tablet,3,"2,000,000","6,000,000",Cần mua,,14,Thiết bị điện máy & Văn phòng,Tablet,3,"2,000,000","6,000,000",Cần mua,
,15,Thiết bị điện máy & Văn phòng,Máy lạnh 2.5HP,1,"12,000,000",,"12,000,000",Cần mua,,15,Thiết bị điện máy & Văn phòng,Máy lạnh 2.5HP,1,"12,000,000","12,000,000",Cần mua,,15,Thiết bị điện máy & Văn phòng,Máy lạnh 2.5HP,1,"12,000,000","12,000,000",Cần mua,
,16,Thiết bị điện máy & Văn phòng,Máy lạnh 1.5HP,2,"6,000,000",,"12,000,000",Cần mua,,16,Thiết bị điện máy & Văn phòng,Máy lạnh 1.5HP,2,"6,000,000","12,000,000",Cần mua,,16,Thiết bị điện máy & Văn phòng,Máy lạnh 1.5HP,2,"6,000,000","12,000,000",Cần mua,
,17,Nội thất & Vật tư cơ bản,"Rèm che giường (1 rèm 2.5x2.8m, 1 rèm 1x2.5m)",5,"3,610,000",,"18,050,000",Cần mua,380k/m2,17,Nội thất & Vật tư cơ bản,"Rèm che giường (1 rèm 2.5x2.8m, 1 rèm 1x2.5m)",5,"3,610,000","18,050,000",Cần mua,380k/m2,17,Nội thất & Vật tư cơ bản,"Rèm che giường (1 rèm 2.5x2.8m, 1 rèm 1x2.5m)",5,"3,610,000","18,050,000",Cần mua,380k/m2
,18,Đồ tiêu hao & Phụ kiện,Đồng phục cho khách,50,"250,000",,"12,500,000",Cần mua,,18,Đồ tiêu hao & Phụ kiện,Đồng phục cho khách,50,"250,000","12,500,000",Cần mua,,18,Đồ tiêu hao & Phụ kiện,Đồng phục cho khách,50,"250,000","12,500,000",Cần mua,
,19,Đồ tiêu hao & Phụ kiện,Đồng phục nhân viên,10,"500,000",,"5,000,000",Cần mua,,19,Đồ tiêu hao & Phụ kiện,Đồng phục nhân viên,10,"500,000","5,000,000",Cần mua,,19,Đồ tiêu hao & Phụ kiện,Đồng phục nhân viên,10,"500,000","5,000,000",Cần mua,
,20,Thiết bị điện máy & Văn phòng,Camera wifi,3,"500,000",,"1,500,000",Cần mua,,20,Thiết bị điện máy & Văn phòng,Camera wifi,3,"500,000","1,500,000",Cần mua,,20,Thiết bị điện máy & Văn phòng,Camera wifi,3,"500,000","1,500,000",Cần mua,
,21,Thiết bị điện máy & Văn phòng,Loa âm trần giá rẻ,3,"300,000",,"900,000",Cần mua,,21,Thiết bị điện máy & Văn phòng,Loa âm trần giá rẻ,3,"300,000","900,000",Cần mua,,21,Thiết bị điện máy & Văn phòng,Loa âm trần giá rẻ,3,"300,000","900,000",Cần mua,
,22,Đồ tiêu hao & Phụ kiện,Ly,20,0,,0,Cần mua,,22,Đồ tiêu hao & Phụ kiện,Ly,20,0,0,Cần mua,,22,Đồ tiêu hao & Phụ kiện,Ly,20,0,0,Cần mua,
,23,Đồ tiêu hao & Phụ kiện,Khay dĩa,10,0,,0,Cần mua,,23,Đồ tiêu hao & Phụ kiện,Khay dĩa,10,0,0,Cần mua,,23,Đồ tiêu hao & Phụ kiện,Khay dĩa,10,0,0,Cần mua,
,24,Đồ tiêu hao & Phụ kiện,Máy hấp,1,0,,0,Cần mua,,24,Đồ tiêu hao & Phụ kiện,Máy hấp,1,0,0,Cần mua,,24,Đồ tiêu hao & Phụ kiện,Máy hấp,1,0,0,Cần mua,
,,,Tổng cộng,,,,"309,050,000",,,,,Tổng cộng,,,"309,050,000",,,,,Tổng cộng,,,"309,050,000",,
,,,,,,,,,,,,,,,,,,,,,,,,,
,,,,,,,,,,,,,,,,,,,,,,,,,
,,,,,,,,,,,,,,,,,,,,,,,,,
,,,,,,,,,,,,,,,,,,,,,,,,,
,,,,,,,,,,,,,,,,,,,,,,,,,
,,,,,,,,,,,,,,,,,,,,,,,,,
,,,,,,,,,,,,,,,,,,,,,,,,,
,,,,,,,,,,,,,,,,,,,,,,,,,
,,,,,,,,,,,,,,,,,,,,,,,,,
,,,,,,,,,,,,,,,,,,,,,,,,,
,,,,,,,,,,,,,,,,,,,,,,,,,
,,,,,,,,,,,,,,,,,,,,,,,,,
,,,,,,,,,,,,,,,,,,,,,,,,,
,,,,,,,,,,,,,,,,,,,,,,,,,
,,,,,,,,,,,,,,,,,,,,,,,,,
,,,,,,,,,,,,,,,,,,,,,,,,,
,,,,,,,,,,,,,,,,,,,,,,,,,
,,,,,,,,,,,,,,,,,,,,,,,,,
,,,,,,,,,,,,,,,,,,,,,,,,,
,,,,,,,,,,,,,,,,,,,,,,,,,
,,,,,,,,,,,,,,,,,,,,,,,,,
,,,,,,,,,,,,,,,,,,,,,,,,,
,,,,,,,,,,,,,,,,,,,,,,,,,
,,,,,,,,,,,,,,,,,,,,,,,,,
,STT,Nhóm,Tên vật dụng,Số lượng,Đơn giá dự kiến,,Thành tiền,Trạng thái,Ghi chú,STT,Nhóm,Tên vật dụng,Số lượng,Đơn giá dự kiến,Thành tiền,Trạng thái,Ghi chú,STT,Nhóm,Tên vật dụng,Số lượng,Đơn giá dự kiến,Thành tiền,Trạng thái,Ghi chú
,676,Nội thất & Vật tư cơ bản,Giường spa,5,"6,000,000",,"30,000,000",Cần mua,,676,Nội thất & Vật tư cơ bản,Giường spa,5,"6,000,000","30,000,000",Cần mua,,676,Nội thất & Vật tư cơ bản,Giường spa,5,"6,000,000","30,000,000",Cần mua,
,677,Nội thất & Vật tư cơ bản,Xe đẩy dụng cụ (3 tầng),5,"500,000",,"2,500,000",Cần mua,,677,Nội thất & Vật tư cơ bản,Xe đẩy dụng cụ (3 tầng),5,"500,000","2,500,000",Cần mua,,677,Nội thất & Vật tư cơ bản,Xe đẩy dụng cụ (3 tầng),5,"500,000","2,500,000",Cần mua,
,678,Nội thất & Vật tư cơ bản,Ghế spa cho kỹ thuật viên,5,"300,000",,"1,500,000",Cần mua,,678,Nội thất & Vật tư cơ bản,Ghế spa cho kỹ thuật viên,5,"300,000","1,500,000",Cần mua,,678,Nội thất & Vật tư cơ bản,Ghế spa cho kỹ thuật viên,5,"300,000","1,500,000",Cần mua,
,679,Nội thất & Vật tư cơ bản,Quầy tiếp tân,1,"5,000,000",,"5,000,000",Cần mua,,679,Nội thất & Vật tư cơ bản,Quầy tiếp tân,1,"5,000,000","5,000,000",Cần mua,,679,Nội thất & Vật tư cơ bản,Quầy tiếp tân,1,"5,000,000","5,000,000",Cần mua,
,680,Nội thất & Vật tư cơ bản,Bộ sofa tiếp khách,1,"8,000,000",,"8,000,000",Cần mua,,680,Nội thất & Vật tư cơ bản,Bộ sofa tiếp khách,1,"8,000,000","8,000,000",Cần mua,,680,Nội thất & Vật tư cơ bản,Bộ sofa tiếp khách,1,"8,000,000","8,000,000",Cần mua,
,681,Thiết bị chuyên môn,Máy DDS,3,"20,000,000",,"60,000,000",Cần mua,,681,Thiết bị chuyên môn,Máy DDS,3,"20,000,000","60,000,000",Cần mua,,681,Thiết bị chuyên môn,Máy DDS,3,"20,000,000","60,000,000",Cần mua,
,682,Thiết bị chuyên môn,Máy Bio Max,3,"40,000,000",,"120,000,000",Cần mua,,682,Thiết bị chuyên môn,Máy Bio Max,3,"40,000,000","120,000,000",Cần mua,,682,Thiết bị chuyên môn,Máy Bio Max,3,"40,000,000","120,000,000",Cần mua,
,683,Đồ tiêu hao & Phụ kiện,"Khăn spa các loại (trải giường, quấn đầu)",50,"50,000",,"2,500,000",Cần mua,,683,Đồ tiêu hao & Phụ kiện,"Khăn spa các loại (trải giường, quấn đầu)",50,"50,000","2,500,000",Cần mua,,683,Đồ tiêu hao & Phụ kiện,"Khăn spa các loại (trải giường, quấn đầu)",50,"50,000","2,500,000",Cần mua,
,684,Đồ tiêu hao & Phụ kiện,Dép đi trong spa,20,"30,000",,"600,000",Cần mua,,684,Đồ tiêu hao & Phụ kiện,Dép đi trong spa,20,"30,000","600,000",Cần mua,,684,Đồ tiêu hao & Phụ kiện,Dép đi trong spa,20,"30,000","600,000",Cần mua,
,13,Thiết bị điện máy & Văn phòng,Laptop,1,"11,000,000",,"11,000,000",Cần mua,,13,Thiết bị điện máy & Văn phòng,Laptop,1,"11,000,000","11,000,000",Cần mua,,13,Thiết bị điện máy & Văn phòng,Laptop,1,"11,000,000","11,000,000",Cần mua,
,14,Thiết bị điện máy & Văn phòng,Tablet,3,"2,000,000",,"6,000,000",Cần mua,,14,Thiết bị điện máy & Văn phòng,Tablet,3,"2,000,000","6,000,000",Cần mua,,14,Thiết bị điện máy & Văn phòng,Tablet,3,"2,000,000","6,000,000",Cần mua,
,15,Thiết bị điện máy & Văn phòng,Máy lạnh 2.5HP,1,"12,000,000",,"12,000,000",Cần mua,,15,Thiết bị điện máy & Văn phòng,Máy lạnh 2.5HP,1,"12,000,000","12,000,000",Cần mua,,15,Thiết bị điện máy & Văn phòng,Máy lạnh 2.5HP,1,"12,000,000","12,000,000",Cần mua,
,16,Thiết bị điện máy & Văn phòng,Máy lạnh 1.5HP,2,"6,000,000",,"12,000,000",Cần mua,,16,Thiết bị điện máy & Văn phòng,Máy lạnh 1.5HP,2,"6,000,000","12,000,000",Cần mua,,16,Thiết bị điện máy & Văn phòng,Máy lạnh 1.5HP,2,"6,000,000","12,000,000",Cần mua,
,17,Nội thất & Vật tư cơ bản,"Rèm che giường (1 rèm 2.5x2.8m, 1 rèm 1x2.5m)",5,"3,610,000",,"18,050,000",Cần mua,380k/m2,17,Nội thất & Vật tư cơ bản,"Rèm che giường (1 rèm 2.5x2.8m, 1 rèm 1x2.5m)",5,"3,610,000","18,050,000",Cần mua,380k/m2,17,Nội thất & Vật tư cơ bản,"Rèm che giường (1 rèm 2.5x2.8m, 1 rèm 1x2.5m)",5,"3,610,000","18,050,000",Cần mua,380k/m2
,18,Đồ tiêu hao & Phụ kiện,Đồng phục cho khách,50,"250,000",,"12,500,000",Cần mua,,18,Đồ tiêu hao & Phụ kiện,Đồng phục cho khách,50,"250,000","12,500,000",Cần mua,,18,Đồ tiêu hao & Phụ kiện,Đồng phục cho khách,50,"250,000","12,500,000",Cần mua,
,19,Đồ tiêu hao & Phụ kiện,Đồng phục nhân viên,10,"500,000",,"5,000,000",Cần mua,,19,Đồ tiêu hao & Phụ kiện,Đồng phục nhân viên,10,"500,000","5,000,000",Cần mua,,19,Đồ tiêu hao & Phụ kiện,Đồng phục nhân viên,10,"500,000","5,000,000",Cần mua,
,20,Thiết bị điện máy & Văn phòng,Camera wifi,3,"500,000",,"1,500,000",Cần mua,,20,Thiết bị điện máy & Văn phòng,Camera wifi,3,"500,000","1,500,000",Cần mua,,20,Thiết bị điện máy & Văn phòng,Camera wifi,3,"500,000","1,500,000",Cần mua,
,21,Thiết bị điện máy & Văn phòng,Loa âm trần giá rẻ,3,"300,000",,"900,000",Cần mua,,21,Thiết bị điện máy & Văn phòng,Loa âm trần giá rẻ,3,"300,000","900,000",Cần mua,,21,Thiết bị điện máy & Văn phòng,Loa âm trần giá rẻ,3,"300,000","900,000",Cần mua,
,22,Đồ tiêu hao & Phụ kiện,Ly,20,0,,0,Cần mua,,22,Đồ tiêu hao & Phụ kiện,Ly,20,0,0,Cần mua,,22,Đồ tiêu hao & Phụ kiện,Ly,20,0,0,Cần mua,
,23,Đồ tiêu hao & Phụ kiện,Khay dĩa,10,0,,0,Cần mua,,23,Đồ tiêu hao & Phụ kiện,Khay dĩa,10,0,0,Cần mua,,23,Đồ tiêu hao & Phụ kiện,Khay dĩa,10,0,0,Cần mua,
,24,Đồ tiêu hao & Phụ kiện,Máy hấp,1,0,,0,Cần mua,,24,Đồ tiêu hao & Phụ kiện,Máy hấp,1,0,0,Cần mua,,24,Đồ tiêu hao & Phụ kiện,Máy hấp,1,0,0,Cần mua,
,,,Tổng cộng,,,,"309,050,000",,,,,Tổng cộng,,,"309,050,000",,,,,Tổng cộng,,,"309,050,000",,
,,,,,,,,,,,,,,,,,,,,,,,,,
,,,,,,,,,,,,,,,,,,,,,,,,,
,,,,,,,,,,,,,,,,,,,,,,,,,
,,,,,,,,,,,,,,,,,,,,,,,,,
,,,,,,,,,,,,,,,,,,,,,,,,,
,,,,,,,,,,,,,,,,,,,,,,,,,
,,,,,,,,,,,,,,,,,,,,,,,,,
,,,,,,,,,,,,,,,,,,,,,,,,,
,,,,,,,,,,,,,,,,,,,,,,,,,
,,,,,,,,,,,,,,,,,,,,,,,,,
,,,,,,,,,,,,,,,,,,,,,,,,,
,,,,,,,,,,,,,,,,,,,,,,,,,
,,,,,,,,,,,,,,,,,,,,,,,,,
,,,,,,,,,,,,,,,,,,,,,,,,,
,,,,,,,,,,,,,,,,,,,,,,,,,
,,,,,,,,,,,,,,,,,,,,,,,,,
,,,,,,,,,,,,,,,,,,,,,,,,,
,,,,,,,,,,,,,,,,,,,,,,,,,
,,,,,,,,,,,,,,,,,,,,,,,,,
,,,,,,,,,,,,,,,,,,,,,,,,,
,,,,,,,,,,,,,,,,,,,,,,,,,
,,,,,,,,,,,,,,,,,,,,,,,,,
,,,,,,,,,,,,,,,,,,,,,,,,,
,,,,,,,,,,,,,,,,,,,,,,,,,
,STT,Nhóm,Tên vật dụng,Số lượng,Đơn giá dự kiến,,Thành tiền,Trạng thái,Ghi chú,STT,Nhóm,Tên vật dụng,Số lượng,Đơn giá dự kiến,Thành tiền,Trạng thái,Ghi chú,STT,Nhóm,Tên vật dụng,Số lượng,Đơn giá dự kiến,Thành tiền,Trạng thái,Ghi chú
,723,Nội thất & Vật tư cơ bản,Giường spa,5,"6,000,000",,"30,000,000",Cần mua,,723,Nội thất & Vật tư cơ bản,Giường spa,5,"6,000,000","30,000,000",Cần mua,,723,Nội thất & Vật tư cơ bản,Giường spa,5,"6,000,000","30,000,000",Cần mua,
,724,Nội thất & Vật tư cơ bản,Xe đẩy dụng cụ (3 tầng),5,"500,000",,"2,500,000",Cần mua,,724,Nội thất & Vật tư cơ bản,Xe đẩy dụng cụ (3 tầng),5,"500,000","2,500,000",Cần mua,,724,Nội thất & Vật tư cơ bản,Xe đẩy dụng cụ (3 tầng),5,"500,000","2,500,000",Cần mua,
,725,Nội thất & Vật tư cơ bản,Ghế spa cho kỹ thuật viên,5,"300,000",,"1,500,000",Cần mua,,725,Nội thất & Vật tư cơ bản,Ghế spa cho kỹ thuật viên,5,"300,000","1,500,000",Cần mua,,725,Nội thất & Vật tư cơ bản,Ghế spa cho kỹ thuật viên,5,"300,000","1,500,000",Cần mua,
,726,Nội thất & Vật tư cơ bản,Quầy tiếp tân,1,"5,000,000",,"5,000,000",Cần mua,,726,Nội thất & Vật tư cơ bản,Quầy tiếp tân,1,"5,000,000","5,000,000",Cần mua,,726,Nội thất & Vật tư cơ bản,Quầy tiếp tân,1,"5,000,000","5,000,000",Cần mua,
,727,Nội thất & Vật tư cơ bản,Bộ sofa tiếp khách,1,"8,000,000",,"8,000,000",Cần mua,,727,Nội thất & Vật tư cơ bản,Bộ sofa tiếp khách,1,"8,000,000","8,000,000",Cần mua,,727,Nội thất & Vật tư cơ bản,Bộ sofa tiếp khách,1,"8,000,000","8,000,000",Cần mua,
,728,Thiết bị chuyên môn,Máy DDS,3,"20,000,000",,"60,000,000",Cần mua,,728,Thiết bị chuyên môn,Máy DDS,3,"20,000,000","60,000,000",Cần mua,,728,Thiết bị chuyên môn,Máy DDS,3,"20,000,000","60,000,000",Cần mua,
,729,Thiết bị chuyên môn,Máy Bio Max,3,"40,000,000",,"120,000,000",Cần mua,,729,Thiết bị chuyên môn,Máy Bio Max,3,"40,000,000","120,000,000",Cần mua,,729,Thiết bị chuyên môn,Máy Bio Max,3,"40,000,000","120,000,000",Cần mua,
,730,Đồ tiêu hao & Phụ kiện,"Khăn spa các loại (trải giường, quấn đầu)",50,"50,000",,"2,500,000",Cần mua,,730,Đồ tiêu hao & Phụ kiện,"Khăn spa các loại (trải giường, quấn đầu)",50,"50,000","2,500,000",Cần mua,,730,Đồ tiêu hao & Phụ kiện,"Khăn spa các loại (trải giường, quấn đầu)",50,"50,000","2,500,000",Cần mua,
,731,Đồ tiêu hao & Phụ kiện,Dép đi trong spa,20,"30,000",,"600,000",Cần mua,,731,Đồ tiêu hao & Phụ kiện,Dép đi trong spa,20,"30,000","600,000",Cần mua,,731,Đồ tiêu hao & Phụ kiện,Dép đi trong spa,20,"30,000","600,000",Cần mua,
,13,Thiết bị điện máy & Văn phòng,Laptop,1,"11,000,000",,"11,000,000",Cần mua,,13,Thiết bị điện máy & Văn phòng,Laptop,1,"11,000,000","11,000,000",Cần mua,,13,Thiết bị điện máy & Văn phòng,Laptop,1,"11,000,000","11,000,000",Cần mua,
,14,Thiết bị điện máy & Văn phòng,Tablet,3,"2,000,000",,"6,000,000",Cần mua,,14,Thiết bị điện máy & Văn phòng,Tablet,3,"2,000,000","6,000,000",Cần mua,,14,Thiết bị điện máy & Văn phòng,Tablet,3,"2,000,000","6,000,000",Cần mua,
,15,Thiết bị điện máy & Văn phòng,Máy lạnh 2.5HP,1,"12,000,000",,"12,000,000",Cần mua,,15,Thiết bị điện máy & Văn phòng,Máy lạnh 2.5HP,1,"12,000,000","12,000,000",Cần mua,,15,Thiết bị điện máy & Văn phòng,Máy lạnh 2.5HP,1,"12,000,000","12,000,000",Cần mua,
,16,Thiết bị điện máy & Văn phòng,Máy lạnh 1.5HP,2,"6,000,000",,"12,000,000",Cần mua,,16,Thiết bị điện máy & Văn phòng,Máy lạnh 1.5HP,2,"6,000,000","12,000,000",Cần mua,,16,Thiết bị điện máy & Văn phòng,Máy lạnh 1.5HP,2,"6,000,000","12,000,000",Cần mua,
,17,Nội thất & Vật tư cơ bản,"Rèm che giường (1 rèm 2.5x2.8m, 1 rèm 1x2.5m)",5,"3,610,000",,"18,050,000",Cần mua,380k/m2,17,Nội thất & Vật tư cơ bản,"Rèm che giường (1 rèm 2.5x2.8m, 1 rèm 1x2.5m)",5,"3,610,000","18,050,000",Cần mua,380k/m2,17,Nội thất & Vật tư cơ bản,"Rèm che giường (1 rèm 2.5x2.8m, 1 rèm 1x2.5m)",5,"3,610,000","18,050,000",Cần mua,380k/m2
,18,Đồ tiêu hao & Phụ kiện,Đồng phục cho khách,50,"250,000",,"12,500,000",Cần mua,,18,Đồ tiêu hao & Phụ kiện,Đồng phục cho khách,50,"250,000","12,500,000",Cần mua,,18,Đồ tiêu hao & Phụ kiện,Đồng phục cho khách,50,"250,000","12,500,000",Cần mua,
,19,Đồ tiêu hao & Phụ kiện,Đồng phục nhân viên,10,"500,000",,"5,000,000",Cần mua,,19,Đồ tiêu hao & Phụ kiện,Đồng phục nhân viên,10,"500,000","5,000,000",Cần mua,,19,Đồ tiêu hao & Phụ kiện,Đồng phục nhân viên,10,"500,000","5,000,000",Cần mua,
,20,Thiết bị điện máy & Văn phòng,Camera wifi,3,"500,000",,"1,500,000",Cần mua,,20,Thiết bị điện máy & Văn phòng,Camera wifi,3,"500,000","1,500,000",Cần mua,,20,Thiết bị điện máy & Văn phòng,Camera wifi,3,"500,000","1,500,000",Cần mua,
,21,Thiết bị điện máy & Văn phòng,Loa âm trần giá rẻ,3,"300,000",,"900,000",Cần mua,,21,Thiết bị điện máy & Văn phòng,Loa âm trần giá rẻ,3,"300,000","900,000",Cần mua,,21,Thiết bị điện máy & Văn phòng,Loa âm trần giá rẻ,3,"300,000","900,000",Cần mua,
,22,Đồ tiêu hao & Phụ kiện,Ly,20,0,,0,Cần mua,,22,Đồ tiêu hao & Phụ kiện,Ly,20,0,0,Cần mua,,22,Đồ tiêu hao & Phụ kiện,Ly,20,0,0,Cần mua,
,23,Đồ tiêu hao & Phụ kiện,Khay dĩa,10,0,,0,Cần mua,,23,Đồ tiêu hao & Phụ kiện,Khay dĩa,10,0,0,Cần mua,,23,Đồ tiêu hao & Phụ kiện,Khay dĩa,10,0,0,Cần mua,
,24,Đồ tiêu hao & Phụ kiện,Máy hấp,1,0,,0,Cần mua,,24,Đồ tiêu hao & Phụ kiện,Máy hấp,1,0,0,Cần mua,,24,Đồ tiêu hao & Phụ kiện,Máy hấp,1,0,0,Cần mua,
,,,Tổng cộng,,,,"309,050,000",,,,,Tổng cộng,,,"309,050,000",,,,,Tổng cộng,,,"309,050,000",,
,,,,,,,,,,,,,,,,,,,,,,,,,
,,,,,,,,,,,,,,,,,,,,,,,,,
,,,,,,,,,,,,,,,,,,,,,,,,,
,,,,,,,,,,,,,,,,,,,,,,,,,
,,,,,,,,,,,,,,,,,,,,,,,,,
,,,,,,,,,,,,,,,,,,,,,,,,,
,,,,,,,,,,,,,,,,,,,,,,,,,
,,,,,,,,,,,,,,,,,,,,,,,,,
,,,,,,,,,,,,,,,,,,,,,,,,,
,,,,,,,,,,,,,,,,,,,,,,,,,
,,,,,,,,,,,,,,,,,,,,,,,,,
,,,,,,,,,,,,,,,,,,,,,,,,,
,,,,,,,,,,,,,,,,,,,,,,,,,
,,,,,,,,,,,,,,,,,,,,,,,,,
,,,,,,,,,,,,,,,,,,,,,,,,,
,,,,,,,,,,,,,,,,,,,,,,,,,
,,,,,,,,,,,,,,,,,,,,,,,,,
,,,,,,,,,,,,,,,,,,,,,,,,,
,,,,,,,,,,,,,,,,,,,,,,,,,
,,,,,,,,,,,,,,,,,,,,,,,,,
,,,,,,,,,,,,,,,,,,,,,,,,,
,,,,,,,,,,,,,,,,,,,,,,,,,
,,,,,,,,,,,,,,,,,,,,,,,,,
,,,,,,,,,,,,,,,,,,,,,,,,,
,STT,Nhóm,Tên vật dụng,Số lượng,Đơn giá dự kiến,,Thành tiền,Trạng thái,Ghi chú,STT,Nhóm,Tên vật dụng,Số lượng,Đơn giá dự kiến,Thành tiền,Trạng thái,Ghi chú,STT,Nhóm,Tên vật dụng,Số lượng,Đơn giá dự kiến,Thành tiền,Trạng thái,Ghi chú
,770,Nội thất & Vật tư cơ bản,Giường spa,5,"6,000,000",,"30,000,000",Cần mua,,770,Nội thất & Vật tư cơ bản,Giường spa,5,"6,000,000","30,000,000",Cần mua,,770,Nội thất & Vật tư cơ bản,Giường spa,5,"6,000,000","30,000,000",Cần mua,
,771,Nội thất & Vật tư cơ bản,Xe đẩy dụng cụ (3 tầng),5,"500,000",,"2,500,000",Cần mua,,771,Nội thất & Vật tư cơ bản,Xe đẩy dụng cụ (3 tầng),5,"500,000","2,500,000",Cần mua,,771,Nội thất & Vật tư cơ bản,Xe đẩy dụng cụ (3 tầng),5,"500,000","2,500,000",Cần mua,
,772,Nội thất & Vật tư cơ bản,Ghế spa cho kỹ thuật viên,5,"300,000",,"1,500,000",Cần mua,,772,Nội thất & Vật tư cơ bản,Ghế spa cho kỹ thuật viên,5,"300,000","1,500,000",Cần mua,,772,Nội thất & Vật tư cơ bản,Ghế spa cho kỹ thuật viên,5,"300,000","1,500,000",Cần mua,
,773,Nội thất & Vật tư cơ bản,Quầy tiếp tân,1,"5,000,000",,"5,000,000",Cần mua,,773,Nội thất & Vật tư cơ bản,Quầy tiếp tân,1,"5,000,000","5,000,000",Cần mua,,773,Nội thất & Vật tư cơ bản,Quầy tiếp tân,1,"5,000,000","5,000,000",Cần mua,
,774,Nội thất & Vật tư cơ bản,Bộ sofa tiếp khách,1,"8,000,000",,"8,000,000",Cần mua,,774,Nội thất & Vật tư cơ bản,Bộ sofa tiếp khách,1,"8,000,000","8,000,000",Cần mua,,774,Nội thất & Vật tư cơ bản,Bộ sofa tiếp khách,1,"8,000,000","8,000,000",Cần mua,
,775,Thiết bị chuyên môn,Máy DDS,3,"20,000,000",,"60,000,000",Cần mua,,775,Thiết bị chuyên môn,Máy DDS,3,"20,000,000","60,000,000",Cần mua,,775,Thiết bị chuyên môn,Máy DDS,3,"20,000,000","60,000,000",Cần mua,
,776,Thiết bị chuyên môn,Máy Bio Max,3,"40,000,000",,"120,000,000",Cần mua,,776,Thiết bị chuyên môn,Máy Bio Max,3,"40,000,000","120,000,000",Cần mua,,776,Thiết bị chuyên môn,Máy Bio Max,3,"40,000,000","120,000,000",Cần mua,
,777,Đồ tiêu hao & Phụ kiện,"Khăn spa các loại (trải giường, quấn đầu)",50,"50,000",,"2,500,000",Cần mua,,777,Đồ tiêu hao & Phụ kiện,"Khăn spa các loại (trải giường, quấn đầu)",50,"50,000","2,500,000",Cần mua,,777,Đồ tiêu hao & Phụ kiện,"Khăn spa các loại (trải giường, quấn đầu)",50,"50,000","2,500,000",Cần mua,
,778,Đồ tiêu hao & Phụ kiện,Dép đi trong spa,20,"30,000",,"600,000",Cần mua,,778,Đồ tiêu hao & Phụ kiện,Dép đi trong spa,20,"30,000","600,000",Cần mua,,778,Đồ tiêu hao & Phụ kiện,Dép đi trong spa,20,"30,000","600,000",Cần mua,
,13,Thiết bị điện máy & Văn phòng,Laptop,1,"11,000,000",,"11,000,000",Cần mua,,13,Thiết bị điện máy & Văn phòng,Laptop,1,"11,000,000","11,000,000",Cần mua,,13,Thiết bị điện máy & Văn phòng,Laptop,1,"11,000,000","11,000,000",Cần mua,
,14,Thiết bị điện máy & Văn phòng,Tablet,3,"2,000,000",,"6,000,000",Cần mua,,14,Thiết bị điện máy & Văn phòng,Tablet,3,"2,000,000","6,000,000",Cần mua,,14,Thiết bị điện máy & Văn phòng,Tablet,3,"2,000,000","6,000,000",Cần mua,
,15,Thiết bị điện máy & Văn phòng,Máy lạnh 2.5HP,1,"12,000,000",,"12,000,000",Cần mua,,15,Thiết bị điện máy & Văn phòng,Máy lạnh 2.5HP,1,"12,000,000","12,000,000",Cần mua,,15,Thiết bị điện máy & Văn phòng,Máy lạnh 2.5HP,1,"12,000,000","12,000,000",Cần mua,
,16,Thiết bị điện máy & Văn phòng,Máy lạnh 1.5HP,2,"6,000,000",,"12,000,000",Cần mua,,16,Thiết bị điện máy & Văn phòng,Máy lạnh 1.5HP,2,"6,000,000","12,000,000",Cần mua,,16,Thiết bị điện máy & Văn phòng,Máy lạnh 1.5HP,2,"6,000,000","12,000,000",Cần mua,
,17,Nội thất & Vật tư cơ bản,"Rèm che giường (1 rèm 2.5x2.8m, 1 rèm 1x2.5m)",5,"3,610,000",,"18,050,000",Cần mua,380k/m2,17,Nội thất & Vật tư cơ bản,"Rèm che giường (1 rèm 2.5x2.8m, 1 rèm 1x2.5m)",5,"3,610,000","18,050,000",Cần mua,380k/m2,17,Nội thất & Vật tư cơ bản,"Rèm che giường (1 rèm 2.5x2.8m, 1 rèm 1x2.5m)",5,"3,610,000","18,050,000",Cần mua,380k/m2
,18,Đồ tiêu hao & Phụ kiện,Đồng phục cho khách,50,"250,000",,"12,500,000",Cần mua,,18,Đồ tiêu hao & Phụ kiện,Đồng phục cho khách,50,"250,000","12,500,000",Cần mua,,18,Đồ tiêu hao & Phụ kiện,Đồng phục cho khách,50,"250,000","12,500,000",Cần mua,
,19,Đồ tiêu hao & Phụ kiện,Đồng phục nhân viên,10,"500,000",,"5,000,000",Cần mua,,19,Đồ tiêu hao & Phụ kiện,Đồng phục nhân viên,10,"500,000","5,000,000",Cần mua,,19,Đồ tiêu hao & Phụ kiện,Đồng phục nhân viên,10,"500,000","5,000,000",Cần mua,
,20,Thiết bị điện máy & Văn phòng,Camera wifi,3,"500,000",,"1,500,000",Cần mua,,20,Thiết bị điện máy & Văn phòng,Camera wifi,3,"500,000","1,500,000",Cần mua,,20,Thiết bị điện máy & Văn phòng,Camera wifi,3,"500,000","1,500,000",Cần mua,
,21,Thiết bị điện máy & Văn phòng,Loa âm trần giá rẻ,3,"300,000",,"900,000",Cần mua,,21,Thiết bị điện máy & Văn phòng,Loa âm trần giá rẻ,3,"300,000","900,000",Cần mua,,21,Thiết bị điện máy & Văn phòng,Loa âm trần giá rẻ,3,"300,000","900,000",Cần mua,
,22,Đồ tiêu hao & Phụ kiện,Ly,20,0,,0,Cần mua,,22,Đồ tiêu hao & Phụ kiện,Ly,20,0,0,Cần mua,,22,Đồ tiêu hao & Phụ kiện,Ly,20,0,0,Cần mua,
,23,Đồ tiêu hao & Phụ kiện,Khay dĩa,10,0,,0,Cần mua,,23,Đồ tiêu hao & Phụ kiện,Khay dĩa,10,0,0,Cần mua,,23,Đồ tiêu hao & Phụ kiện,Khay dĩa,10,0,0,Cần mua,
,24,Đồ tiêu hao & Phụ kiện,Máy hấp,1,0,,0,Cần mua,,24,Đồ tiêu hao & Phụ kiện,Máy hấp,1,0,0,Cần mua,,24,Đồ tiêu hao & Phụ kiện,Máy hấp,1,0,0,Cần mua,
,,,Tổng cộng,,,,"309,050,000",,,,,Tổng cộng,,,"309,050,000",,,,,Tổng cộng,,,"309,050,000",,
,,,,,,,,,,,,,,,,,,,,,,,,,
,,,,,,,,,,,,,,,,,,,,,,,,,
,,,,,,,,,,,,,,,,,,,,,,,,,
,,,,,,,,,,,,,,,,,,,,,,,,,
,,,,,,,,,,,,,,,,,,,,,,,,,
,,,,,,,,,,,,,,,,,,,,,,,,,
,,,,,,,,,,,,,,,,,,,,,,,,,
,,,,,,,,,,,,,,,,,,,,,,,,,
,,,,,,,,,,,,,,,,,,,,,,,,,
,,,,,,,,,,,,,,,,,,,,,,,,,
,,,,,,,,,,,,,,,,,,,,,,,,,
,,,,,,,,,,,,,,,,,,,,,,,,,
,,,,,,,,,,,,,,,,,,,,,,,,,
,,,,,,,,,,,,,,,,,,,,,,,,,
,,,,,,,,,,,,,,,,,,,,,,,,,
,,,,,,,,,,,,,,,,,,,,,,,,,
,,,,,,,,,,,,,,,,,,,,,,,,,
,,,,,,,,,,,,,,,,,,,,,,,,,
,,,,,,,,,,,,,,,,,,,,,,,,,
,,,,,,,,,,,,,,,,,,,,,,,,,
,,,,,,,,,,,,,,,,,,,,,,,,,
,,,,,,,,,,,,,,,,,,,,,,,,,
,,,,,,,,,,,,,,,,,,,,,,,,,
,,,,,,,,,,,,,,,,,,,,,,,,,
,STT,Nhóm,Tên vật dụng,Số lượng,Đơn giá dự kiến,,Thành tiền,Trạng thái,Ghi chú,STT,Nhóm,Tên vật dụng,Số lượng,Đơn giá dự kiến,Thành tiền,Trạng thái,Ghi chú,STT,Nhóm,Tên vật dụng,Số lượng,Đơn giá dự kiến,Thành tiền,Trạng thái,Ghi chú
,817,Nội thất & Vật tư cơ bản,Giường spa,5,"6,000,000",,"30,000,000",Cần mua,,817,Nội thất & Vật tư cơ bản,Giường spa,5,"6,000,000","30,000,000",Cần mua,,817,Nội thất & Vật tư cơ bản,Giường spa,5,"6,000,000","30,000,000",Cần mua,
,818,Nội thất & Vật tư cơ bản,Xe đẩy dụng cụ (3 tầng),5,"500,000",,"2,500,000",Cần mua,,818,Nội thất & Vật tư cơ bản,Xe đẩy dụng cụ (3 tầng),5,"500,000","2,500,000",Cần mua,,818,Nội thất & Vật tư cơ bản,Xe đẩy dụng cụ (3 tầng),5,"500,000","2,500,000",Cần mua,
,819,Nội thất & Vật tư cơ bản,Ghế spa cho kỹ thuật viên,5,"300,000",,"1,500,000",Cần mua,,819,Nội thất & Vật tư cơ bản,Ghế spa cho kỹ thuật viên,5,"300,000","1,500,000",Cần mua,,819,Nội thất & Vật tư cơ bản,Ghế spa cho kỹ thuật viên,5,"300,000","1,500,000",Cần mua,
,820,Nội thất & Vật tư cơ bản,Quầy tiếp tân,1,"5,000,000",,"5,000,000",Cần mua,,820,Nội thất & Vật tư cơ bản,Quầy tiếp tân,1,"5,000,000","5,000,000",Cần mua,,820,Nội thất & Vật tư cơ bản,Quầy tiếp tân,1,"5,000,000","5,000,000",Cần mua,
,821,Nội thất & Vật tư cơ bản,Bộ sofa tiếp khách,1,"8,000,000",,"8,000,000",Cần mua,,821,Nội thất & Vật tư cơ bản,Bộ sofa tiếp khách,1,"8,000,000","8,000,000",Cần mua,,821,Nội thất & Vật tư cơ bản,Bộ sofa tiếp khách,1,"8,000,000","8,000,000",Cần mua,
,822,Thiết bị chuyên môn,Máy DDS,3,"20,000,000",,"60,000,000",Cần mua,,822,Thiết bị chuyên môn,Máy DDS,3,"20,000,000","60,000,000",Cần mua,,822,Thiết bị chuyên môn,Máy DDS,3,"20,000,000","60,000,000",Cần mua,
,823,Thiết bị chuyên môn,Máy Bio Max,3,"40,000,000",,"120,000,000",Cần mua,,823,Thiết bị chuyên môn,Máy Bio Max,3,"40,000,000","120,000,000",Cần mua,,823,Thiết bị chuyên môn,Máy Bio Max,3,"40,000,000","120,000,000",Cần mua,
,824,Đồ tiêu hao & Phụ kiện,"Khăn spa các loại (trải giường, quấn đầu)",50,"50,000",,"2,500,000",Cần mua,,824,Đồ tiêu hao & Phụ kiện,"Khăn spa các loại (trải giường, quấn đầu)",50,"50,000","2,500,000",Cần mua,,824,Đồ tiêu hao & Phụ kiện,"Khăn spa các loại (trải giường, quấn đầu)",50,"50,000","2,500,000",Cần mua,
,825,Đồ tiêu hao & Phụ kiện,Dép đi trong spa,20,"30,000",,"600,000",Cần mua,,825,Đồ tiêu hao & Phụ kiện,Dép đi trong spa,20,"30,000","600,000",Cần mua,,825,Đồ tiêu hao & Phụ kiện,Dép đi trong spa,20,"30,000","600,000",Cần mua,
,13,Thiết bị điện máy & Văn phòng,Laptop,1,"11,000,000",,"11,000,000",Cần mua,,13,Thiết bị điện máy & Văn phòng,Laptop,1,"11,000,000","11,000,000",Cần mua,,13,Thiết bị điện máy & Văn phòng,Laptop,1,"11,000,000","11,000,000",Cần mua,
,14,Thiết bị điện máy & Văn phòng,Tablet,3,"2,000,000",,"6,000,000",Cần mua,,14,Thiết bị điện máy & Văn phòng,Tablet,3,"2,000,000","6,000,000",Cần mua,,14,Thiết bị điện máy & Văn phòng,Tablet,3,"2,000,000","6,000,000",Cần mua,
,15,Thiết bị điện máy & Văn phòng,Máy lạnh 2.5HP,1,"12,000,000",,"12,000,000",Cần mua,,15,Thiết bị điện máy & Văn phòng,Máy lạnh 2.5HP,1,"12,000,000","12,000,000",Cần mua,,15,Thiết bị điện máy & Văn phòng,Máy lạnh 2.5HP,1,"12,000,000","12,000,000",Cần mua,
,16,Thiết bị điện máy & Văn phòng,Máy lạnh 1.5HP,2,"6,000,000",,"12,000,000",Cần mua,,16,Thiết bị điện máy & Văn phòng,Máy lạnh 1.5HP,2,"6,000,000","12,000,000",Cần mua,,16,Thiết bị điện máy & Văn phòng,Máy lạnh 1.5HP,2,"6,000,000","12,000,000",Cần mua,
,17,Nội thất & Vật tư cơ bản,"Rèm che giường (1 rèm 2.5x2.8m, 1 rèm 1x2.5m)",5,"3,610,000",,"18,050,000",Cần mua,380k/m2,17,Nội thất & Vật tư cơ bản,"Rèm che giường (1 rèm 2.5x2.8m, 1 rèm 1x2.5m)",5,"3,610,000","18,050,000",Cần mua,380k/m2,17,Nội thất & Vật tư cơ bản,"Rèm che giường (1 rèm 2.5x2.8m, 1 rèm 1x2.5m)",5,"3,610,000","18,050,000",Cần mua,380k/m2
,18,Đồ tiêu hao & Phụ kiện,Đồng phục cho khách,50,"250,000",,"12,500,000",Cần mua,,18,Đồ tiêu hao & Phụ kiện,Đồng phục cho khách,50,"250,000","12,500,000",Cần mua,,18,Đồ tiêu hao & Phụ kiện,Đồng phục cho khách,50,"250,000","12,500,000",Cần mua,
,19,Đồ tiêu hao & Phụ kiện,Đồng phục nhân viên,10,"500,000",,"5,000,000",Cần mua,,19,Đồ tiêu hao & Phụ kiện,Đồng phục nhân viên,10,"500,000","5,000,000",Cần mua,,19,Đồ tiêu hao & Phụ kiện,Đồng phục nhân viên,10,"500,000","5,000,000",Cần mua,
,20,Thiết bị điện máy & Văn phòng,Camera wifi,3,"500,000",,"1,500,000",Cần mua,,20,Thiết bị điện máy & Văn phòng,Camera wifi,3,"500,000","1,500,000",Cần mua,,20,Thiết bị điện máy & Văn phòng,Camera wifi,3,"500,000","1,500,000",Cần mua,
,21,Thiết bị điện máy & Văn phòng,Loa âm trần giá rẻ,3,"300,000",,"900,000",Cần mua,,21,Thiết bị điện máy & Văn phòng,Loa âm trần giá rẻ,3,"300,000","900,000",Cần mua,,21,Thiết bị điện máy & Văn phòng,Loa âm trần giá rẻ,3,"300,000","900,000",Cần mua,
,22,Đồ tiêu hao & Phụ kiện,Ly,20,0,,0,Cần mua,,22,Đồ tiêu hao & Phụ kiện,Ly,20,0,0,Cần mua,,22,Đồ tiêu hao & Phụ kiện,Ly,20,0,0,Cần mua,
,23,Đồ tiêu hao & Phụ kiện,Khay dĩa,10,0,,0,Cần mua,,23,Đồ tiêu hao & Phụ kiện,Khay dĩa,10,0,0,Cần mua,,23,Đồ tiêu hao & Phụ kiện,Khay dĩa,10,0,0,Cần mua,
,24,Đồ tiêu hao & Phụ kiện,Máy hấp,1,0,,0,Cần mua,,24,Đồ tiêu hao & Phụ kiện,Máy hấp,1,0,0,Cần mua,,24,Đồ tiêu hao & Phụ kiện,Máy hấp,1,0,0,Cần mua,
,,,Tổng cộng,,,,"309,050,000",,,,,Tổng cộng,,,"309,050,000",,,,,Tổng cộng,,,"309,050,000",,
,,,,,,,,,,,,,,,,,,,,,,,,,
,,,,,,,,,,,,,,,,,,,,,,,,,
,,,,,,,,,,,,,,,,,,,,,,,,,
,,,,,,,,,,,,,,,,,,,,,,,,,
,,,,,,,,,,,,,,,,,,,,,,,,,
,,,,,,,,,,,,,,,,,,,,,,,,,
,,,,,,,,,,,,,,,,,,,,,,,,,
,,,,,,,,,,,,,,,,,,,,,,,,,
,,,,,,,,,,,,,,,,,,,,,,,,,
,,,,,,,,,,,,,,,,,,,,,,,,,
,,,,,,,,,,,,,,,,,,,,,,,,,
,,,,,,,,,,,,,,,,,,,,,,,,,
,,,,,,,,,,,,,,,,,,,,,,,,,
,,,,,,,,,,,,,,,,,,,,,,,,,
,,,,,,,,,,,,,,,,,,,,,,,,,
,,,,,,,,,,,,,,,,,,,,,,,,,
,,,,,,,,,,,,,,,,,,,,,,,,,
,,,,,,,,,,,,,,,,,,,,,,,,,
,,,,,,,,,,,,,,,,,,,,,,,,,
,,,,,,,,,,,,,,,,,,,,,,,,,
,,,,,,,,,,,,,,,,,,,,,,,,,
,,,,,,,,,,,,,,,,,,,,,,,,,
,,,,,,,,,,,,,,,,,,,,,,,,,
,,,,,,,,,,,,,,,,,,,,,,,,,
,STT,Nhóm,Tên vật dụng,Số lượng,Đơn giá dự kiến,,Thành tiền,Trạng thái,Ghi chú,STT,Nhóm,Tên vật dụng,Số lượng,Đơn giá dự kiến,Thành tiền,Trạng thái,Ghi chú,STT,Nhóm,Tên vật dụng,Số lượng,Đơn giá dự kiến,Thành tiền,Trạng thái,Ghi chú
,864,Nội thất & Vật tư cơ bản,Giường spa,5,"6,000,000",,"30,000,000",Cần mua,,864,Nội thất & Vật tư cơ bản,Giường spa,5,"6,000,000","30,000,000",Cần mua,,864,Nội thất & Vật tư cơ bản,Giường spa,5,"6,000,000","30,000,000",Cần mua,
,865,Nội thất & Vật tư cơ bản,Xe đẩy dụng cụ (3 tầng),5,"500,000",,"2,500,000",Cần mua,,865,Nội thất & Vật tư cơ bản,Xe đẩy dụng cụ (3 tầng),5,"500,000","2,500,000",Cần mua,,865,Nội thất & Vật tư cơ bản,Xe đẩy dụng cụ (3 tầng),5,"500,000","2,500,000",Cần mua,
,866,Nội thất & Vật tư cơ bản,Ghế spa cho kỹ thuật viên,5,"300,000",,"1,500,000",Cần mua,,866,Nội thất & Vật tư cơ bản,Ghế spa cho kỹ thuật viên,5,"300,000","1,500,000",Cần mua,,866,Nội thất & Vật tư cơ bản,Ghế spa cho kỹ thuật viên,5,"300,000","1,500,000",Cần mua,
,867,Nội thất & Vật tư cơ bản,Quầy tiếp tân,1,"5,000,000",,"5,000,000",Cần mua,,867,Nội thất & Vật tư cơ bản,Quầy tiếp tân,1,"5,000,000","5,000,000",Cần mua,,867,Nội thất & Vật tư cơ bản,Quầy tiếp tân,1,"5,000,000","5,000,000",Cần mua,
,868,Nội thất & Vật tư cơ bản,Bộ sofa tiếp khách,1,"8,000,000",,"8,000,000",Cần mua,,868,Nội thất & Vật tư cơ bản,Bộ sofa tiếp khách,1,"8,000,000","8,000,000",Cần mua,,868,Nội thất & Vật tư cơ bản,Bộ sofa tiếp khách,1,"8,000,000","8,000,000",Cần mua,
,869,Thiết bị chuyên môn,Máy DDS,3,"20,000,000",,"60,000,000",Cần mua,,869,Thiết bị chuyên môn,Máy DDS,3,"20,000,000","60,000,000",Cần mua,,869,Thiết bị chuyên môn,Máy DDS,3,"20,000,000","60,000,000",Cần mua,
,870,Thiết bị chuyên môn,Máy Bio Max,3,"40,000,000",,"120,000,000",Cần mua,,870,Thiết bị chuyên môn,Máy Bio Max,3,"40,000,000","120,000,000",Cần mua,,870,Thiết bị chuyên môn,Máy Bio Max,3,"40,000,000","120,000,000",Cần mua,
,871,Đồ tiêu hao & Phụ kiện,"Khăn spa các loại (trải giường, quấn đầu)",50,"50,000",,"2,500,000",Cần mua,,871,Đồ tiêu hao & Phụ kiện,"Khăn spa các loại (trải giường, quấn đầu)",50,"50,000","2,500,000",Cần mua,,871,Đồ tiêu hao & Phụ kiện,"Khăn spa các loại (trải giường, quấn đầu)",50,"50,000","2,500,000",Cần mua,
,872,Đồ tiêu hao & Phụ kiện,Dép đi trong spa,20,"30,000",,"600,000",Cần mua,,872,Đồ tiêu hao & Phụ kiện,Dép đi trong spa,20,"30,000","600,000",Cần mua,,872,Đồ tiêu hao & Phụ kiện,Dép đi trong spa,20,"30,000","600,000",Cần mua,
,13,Thiết bị điện máy & Văn phòng,Laptop,1,"11,000,000",,"11,000,000",Cần mua,,13,Thiết bị điện máy & Văn phòng,Laptop,1,"11,000,000","11,000,000",Cần mua,,13,Thiết bị điện máy & Văn phòng,Laptop,1,"11,000,000","11,000,000",Cần mua,
,14,Thiết bị điện máy & Văn phòng,Tablet,3,"2,000,000",,"6,000,000",Cần mua,,14,Thiết bị điện máy & Văn phòng,Tablet,3,"2,000,000","6,000,000",Cần mua,,14,Thiết bị điện máy & Văn phòng,Tablet,3,"2,000,000","6,000,000",Cần mua,
,15,Thiết bị điện máy & Văn phòng,Máy lạnh 2.5HP,1,"12,000,000",,"12,000,000",Cần mua,,15,Thiết bị điện máy & Văn phòng,Máy lạnh 2.5HP,1,"12,000,000","12,000,000",Cần mua,,15,Thiết bị điện máy & Văn phòng,Máy lạnh 2.5HP,1,"12,000,000","12,000,000",Cần mua,
,16,Thiết bị điện máy & Văn phòng,Máy lạnh 1.5HP,2,"6,000,000",,"12,000,000",Cần mua,,16,Thiết bị điện máy & Văn phòng,Máy lạnh 1.5HP,2,"6,000,000","12,000,000",Cần mua,,16,Thiết bị điện máy & Văn phòng,Máy lạnh 1.5HP,2,"6,000,000","12,000,000",Cần mua,
,17,Nội thất & Vật tư cơ bản,"Rèm che giường (1 rèm 2.5x2.8m, 1 rèm 1x2.5m)",5,"3,610,000",,"18,050,000",Cần mua,380k/m2,17,Nội thất & Vật tư cơ bản,"Rèm che giường (1 rèm 2.5x2.8m, 1 rèm 1x2.5m)",5,"3,610,000","18,050,000",Cần mua,380k/m2,17,Nội thất & Vật tư cơ bản,"Rèm che giường (1 rèm 2.5x2.8m, 1 rèm 1x2.5m)",5,"3,610,000","18,050,000",Cần mua,380k/m2
,18,Đồ tiêu hao & Phụ kiện,Đồng phục cho khách,50,"250,000",,"12,500,000",Cần mua,,18,Đồ tiêu hao & Phụ kiện,Đồng phục cho khách,50,"250,000","12,500,000",Cần mua,,18,Đồ tiêu hao & Phụ kiện,Đồng phục cho khách,50,"250,000","12,500,000",Cần mua,
,19,Đồ tiêu hao & Phụ kiện,Đồng phục nhân viên,10,"500,000",,"5,000,000",Cần mua,,19,Đồ tiêu hao & Phụ kiện,Đồng phục nhân viên,10,"500,000","5,000,000",Cần mua,,19,Đồ tiêu hao & Phụ kiện,Đồng phục nhân viên,10,"500,000","5,000,000",Cần mua,
,20,Thiết bị điện máy & Văn phòng,Camera wifi,3,"500,000",,"1,500,000",Cần mua,,20,Thiết bị điện máy & Văn phòng,Camera wifi,3,"500,000","1,500,000",Cần mua,,20,Thiết bị điện máy & Văn phòng,Camera wifi,3,"500,000","1,500,000",Cần mua,
,21,Thiết bị điện máy & Văn phòng,Loa âm trần giá rẻ,3,"300,000",,"900,000",Cần mua,,21,Thiết bị điện máy & Văn phòng,Loa âm trần giá rẻ,3,"300,000","900,000",Cần mua,,21,Thiết bị điện máy & Văn phòng,Loa âm trần giá rẻ,3,"300,000","900,000",Cần mua,
,22,Đồ tiêu hao & Phụ kiện,Ly,20,0,,0,Cần mua,,22,Đồ tiêu hao & Phụ kiện,Ly,20,0,0,Cần mua,,22,Đồ tiêu hao & Phụ kiện,Ly,20,0,0,Cần mua,
,23,Đồ tiêu hao & Phụ kiện,Khay dĩa,10,0,,0,Cần mua,,23,Đồ tiêu hao & Phụ kiện,Khay dĩa,10,0,0,Cần mua,,23,Đồ tiêu hao & Phụ kiện,Khay dĩa,10,0,0,Cần mua,
,24,Đồ tiêu hao & Phụ kiện,Máy hấp,1,0,,0,Cần mua,,24,Đồ tiêu hao & Phụ kiện,Máy hấp,1,0,0,Cần mua,,24,Đồ tiêu hao & Phụ kiện,Máy hấp,1,0,0,Cần mua,
,,,Tổng cộng,,,,"309,050,000",,,,,Tổng cộng,,,"309,050,000",,,,,Tổng cộng,,,"309,050,000",,